web_rt,web_util,web_thr,spike0_rt,spike0_util,spike0_thr,spike1_rt,spike1_util,spike1_thr,spike2_rt,spike2_util,spike2_thr,spike3_rt,spike3_util,spike3_thr,mit_rt,mit_util,mit_thr,ana_rt,ana_util,ana_thr
2.8997373533181783,1.0,6.8769375415746525,3.346202076243992,1.0,5.913165441564118,2.895688495705929,1.0,6.244425659717948,1.8209982149095725,0.9693569320409886,6.09049888715994,0.7341400427844262,0.3250539279652318,1.9003782716699276,0.0024356798058303,0.3622716839682376,328.02136024350483,0.002445053776076334,1.0,322.333647724058
3.2996527768753703,1.0,6.168199735428188,2.9254442480104306,1.0,6.749746345133812,2.7413302421357204,1.0,6.688697225607322,2.1548256985389127,0.9756509202206348,5.359668163892303,0.9906997067483242,0.6506081189400407,3.973325203103486,0.0025637320064021,0.4638832750589242,409.39378050556905,0.002426743439519599,1.0,381.69184412265696
2.7563979684098343,1.0,6.806065014785504,2.4663703059403117,1.0,6.666867132553983,2.5873876212306017,1.0,6.108119406674855,2.2154881923394214,0.985546778632004,5.820250763537158,0.7198238772317115,0.3281630482628268,1.928884976369008,0.0024599083688878,0.3045444325420647,289.3373826954541,0.0025117105280381305,1.0,248.54298653655167
2.9592270996088232,1.0,6.99076627097536,3.446275079776512,1.0,6.036431996109204,2.99762585348194,1.0,5.733858175583077,1.674364599623706,1.0,6.812782539890507,0.7125416103094754,0.305578150685451,1.967794260459087,0.0025871316329689,0.2789556872491533,254.9632904184768,0.0024404489457595098,1.0,247.42323442708437
3.35788138267966,1.0,5.581074928679143,2.7999568230842065,1.0,6.279067755890266,3.6497432877079374,1.0,5.559112797532633,2.1128207900326057,1.0,6.194983615050537,0.9214857235118056,0.3883221869665549,2.620006543272068,0.0024066106244085,0.2925813416280305,268.49396355696206,0.0025561795182706365,1.0,285.21483480459165
3.594938005486948,1.0,5.146977337859584,3.981355189540606,1.0,5.275172057318128,2.879393545945394,1.0,5.723769263126906,2.892341888482152,1.0,5.580369372313287,,,,0.0021543668062354,0.2671343974076894,253.0829825845333,0.0024324569465605807,1.0,213.84104304256718
2.968327994075957,1.0,7.78585782101944,3.080609603494026,1.0,5.325908420325127,3.161827510241315,1.0,6.19934629434634,2.6484435548207395,1.0,5.398017877516145,,,,0.0023672050318835,0.2780831269841824,244.5778154661753,0.0024706947991982083,1.0,201.0801140315067
2.4887726551450062,1.0,6.85840694808853,3.715312912233288,1.0,6.027189164704029,2.8317929144992235,1.0,6.118805121291654,1.256214207090441,0.8076589088484031,6.215344627765356,,,,0.0021123923285771,0.249526320888904,230.43045910255967,0.002453037164769644,1.0,269.84355634584244
3.4992902801143786,1.0,6.170398942140019,2.713868554010018,1.0,6.0596180620637,2.451125843059776,1.0,7.384482344478576,1.6098104952312555,0.9884468267123644,6.242990701954015,,,,0.0023435773177746,0.3062835616525323,285.0762284984395,0.0024206639332255524,1.0,295.72954737136246
2.8619180244250835,1.0,5.903413289669565,3.5668033793037472,1.0,5.676315967637762,2.8071117100380327,1.0,6.705735618123348,2.277827987751768,1.0,6.3161444728149965,,,,0.0022259645272889,0.2918054289706454,266.0871151028739,0.0024534254724866257,1.0,232.53349426767807
3.089272605838888,1.0,7.140710440817991,3.1848415738972067,1.0,6.388550935316177,2.8304382747079093,1.0,6.352566124538563,1.7402437673714564,0.8701409857092045,5.202738696235431,,,,0.0025648432747143,0.3161886166144941,278.17706395859744,0.0023726172869151345,1.0,284.36212133726417
2.862420615390597,1.0,6.526246998634105,2.8416642512901165,1.0,6.265878815739976,1.911155244954177,1.0,8.43513137119394,1.6822475233917868,0.982238935172101,6.223852225356186,,,,0.0022943403509163,0.3641353807110036,331.9502592746294,0.002573153245640555,1.0,304.64637811889764
2.880888332855971,1.0,6.158305357089962,3.4740309077414264,1.0,5.802661142185601,2.735411913418056,1.0,5.874742230605492,2.5021208443136,0.9455788676515664,5.582636768289089,,,,0.0021686560975997,0.3160768664551698,305.54016784653487,0.0025797092054921536,1.0,253.02054119422974
3.327465848608959,1.0,6.28915503399309,2.564019945679288,1.0,7.152190038916672,3.3253609605303898,1.0,5.992055339963108,1.812452662583326,0.9727972778352384,6.516384170682371,,,,0.0023509985279999,0.3056439105268352,275.00617166699607,0.0023318831058109124,1.0,249.41003054198288
3.0482188628227767,1.0,6.604300129597459,3.3351866397910963,1.0,5.291350199828928,2.60804625106431,1.0,6.1742887373291495,1.314689932072045,0.7274289847128024,5.251137971108155,,,,0.0022804786284943,0.2648431345679211,248.2404799449957,0.0024155929101620536,1.0,326.4675957644831
2.435659569716062,1.0,8.264189680156566,3.0234812080665803,1.0,6.279876415578318,3.0851780081808884,1.0,6.198279008285508,1.518308416307372,0.9931370155285156,7.084352988456831,,,,0.0025547665546374,0.4073146516579487,356.5734940030575,0.00244890556295658,1.0,234.64425775553985
2.6309929714610703,1.0,6.679224134338902,3.264677174735199,1.0,6.253386176069029,2.441992460916852,1.0,6.3994224957871415,,,,,,,0.0022792230810031,0.2824064251606608,267.3149329733466,0.002584412576553516,1.0,267.83207694644824
3.020234783594656,1.0,7.178958957651174,,,,,,,,,,,,,0.0025437058875179,0.3097784434694168,266.70146393418264,0.00244655023714004,1.0,290.73237856857736
,,,,,,,,,,,,,,,0.0025193681491583,0.3376814068727067,315.0877753656301,0.002437533980178814,1.0,289.85549967791576
,,,,,,,,,,,,,,,0.0027194412177002,0.3542987920127241,318.24473258911524,0.0025840971696725833,1.0,224.73731135345668
,,,,,,,,,,,,,,,0.0021453772482011,0.2507220092099362,232.9923393448773,0.002398209605860175,1.0,278.62810470844846
,,,,,,,,,,,,,,,0.0026558266601747,0.3322591176206029,291.8243155662361,0.002442458620503629,1.0,234.45707444551996
,,,,,,,,,,,,,,,0.0026061598856619,0.2917949716425944,265.18038189698825,0.002357016118639184,1.0,225.55341583498677
,,,,,,,,,,,,,,,0.0021070668896261,0.2352778116323981,216.63508862996,0.0025084847258193626,1.0,223.6365962681726
,,,,,,,,,,,,,,,0.0025297778308967,0.2908409064064985,253.784998827165,0.0024060322217719712,1.0,224.73095601443092
,,,,,,,,,,,,,,,0.0020174739712711,0.254125763730943,241.7653373078468,0.002500583779200788,1.0,261.6908929167117
,,,,,,,,,,,,,,,0.0027117694472364,0.2785580648198499,258.95777325276805,0.002527102330191246,1.0,199.6993096268817
,,,,,,,,,,,,,,,0.0020502497470283,0.2362774813613414,222.05006115356497,0.002469880484446791,1.0,259.6809151188261
,,,,,,,,,,,,,,,0.002546242726899,0.2708754535565366,240.0875967077639,0.002520770557964851,1.0,313.628127358459
,,,,,,,,,,,,,,,0.0023668057872658,0.3273926375599538,294.04209576816936,0.002444902395098277,1.0,294.3595805737065
,,,,,,,,,,,,,,,0.0022522935932159,0.3437658451867455,318.3799471403054,0.0024218072680604733,1.0,263.96564329624636
,,,,,,,,,,,,,,,0.0024683238273646,0.319760137916118,291.43386454561096,0.002367657729555909,1.0,294.2152801739817
,,,,,,,,,,,,,,,0.0024034977517852,0.3358509883744155,311.20674837625523,0.002409165806322493,1.0,285.5225285969868
,,,,,,,,,,,,,,,0.0023409002329871,0.3374931001456794,309.331505972999,0.0026453690374534013,1.0,212.2692180767715
,,,,,,,,,,,,,,,0.0025887196404742,0.3332307066534322,299.0117765542224,0.0024955514211427317,1.0,226.14419714878346
,,,,,,,,,,,,,,,0.0023083852492714,0.2409042152155649,225.41628122671392,0.002319027886158667,1.0,264.5541011244553
,,,,,,,,,,,,,,,0.0025296719050425,0.2710981144420256,241.05258135695348,0.0024912098947671166,1.0,265.08178540414747
,,,,,,,,,,,,,,,0.002613891874546,0.3049881809574735,273.26554426558687,0.00242549958042926,1.0,246.01945072444764
,,,,,,,,,,,,,,,0.0027371377249648,0.2991304384979064,264.9776999195125,0.0025157335910725347,1.0,222.02595950346864
,,,,,,,,,,,,,,,0.0022210296828232,0.3149150329022079,295.6012930593794,0.0024266405230277933,1.0,227.21983100980918
,,,,,,,,,,,,,,,0.0021043913765711,0.2639580898192417,248.4585944072983,0.0023975889591188143,1.0,213.2445627207406
,,,,,,,,,,,,,,,0.0023411673446391,0.2363157793048836,217.03059366560035,0.002447546953580174,1.0,269.0725114180974
,,,,,,,,,,,,,,,0.00204620910505,0.2335277239240201,225.5569066508022,0.0024078221269693344,1.0,347.34047585133425
,,,,,,,,,,,,,,,0.0023215708150347,0.2777267066945572,253.42402450759872,0.002586570534125438,1.0,247.39352129681637
,,,,,,,,,,,,,,,0.0023779651525785,0.3440633871708854,305.60203416313175,0.0023780475629758915,1.0,247.20495089203155
,,,,,,,,,,,,,,,0.0028118797143322,0.3926925823119949,350.6547264167958,0.0024303283549845923,1.0,322.1321483565468
,,,,,,,,,,,,,,,0.0019562379397342,0.2670544565772096,259.1456040925041,0.0023540897919769434,1.0,255.6342032865454
,,,,,,,,,,,,,,,0.0026480810178838,0.3174410673045592,290.7693656350267,0.0024561113737744346,1.0,273.9868854962332
,,,,,,,,,,,,,,,0.0022979709744452,0.3189887082494723,289.63884777896203,0.002467787690421207,1.0,231.54208488074522
,,,,,,,,,,,,,,,0.0026168985186393,0.3283413128801097,285.97160827917827,0.0023350952301738116,1.0,255.4148866439287
,,,,,,,,,,,,,,,0.0027628452804986,0.3188204178237666,278.0778477282262,0.002422622432042671,1.0,260.06045832210356
,,,,,,,,,,,,,,,0.0024361460578692,0.2537267236816748,234.6810993809912,0.0024071933592298487,1.0,278.1375579406193
,,,,,,,,,,,,,,,0.0023877974784788,0.3035790412739133,271.91425711792914,0.0025063043185774847,1.0,269.37088215760684
,,,,,,,,,,,,,,,0.0027031915021292,0.327097371443828,282.1937765381966,0.0024837568655466497,1.0,254.57578092042277
,,,,,,,,,,,,,,,0.0022725034980591,0.3288884641430434,289.0342829790238,0.00244640514734014,1.0,251.24406479287
,,,,,,,,,,,,,,,0.0025212615681683,0.3054135260623866,279.8091458748942,0.002418788079201433,1.0,291.4213372121847
,,,,,,,,,,,,,,,0.0021871044643148,0.2969227011187922,265.4209374526137,0.002457210883577384,1.0,283.2175840114743
,,,,,,,,,,,,,,,0.0023584098024149,0.2984738872258181,281.7485387333401,0.002352390751240006,1.0,252.25176590466933
,,,,,,,,,,,,,,,0.0026077667111481,0.3554997248077189,320.20639238934297,0.0023277133414779613,1.0,304.86833383002175
,,,,,,,,,,,,,,,0.0026099092967124,0.2988759828873815,265.2620957538852,0.002491115268667504,1.0,283.15495937570245
,,,,,,,,,,,,,,,0.0023611401476417,0.3283378681092944,311.5561701920989,0.0023976741734364664,1.0,307.35030941351397
,,,,,,,,,,,,,,,0.0021940514510991,0.3436754724151785,311.9556938911269,0.002447384820258702,1.0,313.5251172616593
,,,,,,,,,,,,,,,0.0027210602894683,0.3243196437313911,277.55021428831583,0.002466823956031206,1.0,276.2172442841242
,,,,,,,,,,,,,,,0.0023691640140436,0.3379409236239188,312.7095214368792,0.002550405860294069,1.0,264.6967679276515
,,,,,,,,,,,,,,,0.0024751046189651,0.3744738278185149,335.7016788521097,0.0024925946402304592,1.0,241.01501053976793
,,,,,,,,,,,,,,,0.0023514777760385,0.309443766727658,289.1414845656259,0.002494114558057635,1.0,305.73814188701607
,,,,,,,,,,,,,,,0.0020761225649175,0.3307705139095204,313.97460373055173,0.002466502722378353,1.0,254.1092371589563
,,,,,,,,,,,,,,,0.0024637009554123,0.3090250918183828,275.43709238172227,0.002409675741107337,1.0,265.6437142131623
,,,,,,,,,,,,,,,0.0023128342451691,0.3017244116817726,276.02241036019785,0.0024247986133464385,1.0,229.81883231319364
,,,,,,,,,,,,,,,0.0025523803145597,0.3235100213596569,297.0853585486482,0.0023727530895232968,1.0,247.79707997868704
,,,,,,,,,,,,,,,0.0023748626997228,0.2936920734988883,265.3525049621704,0.002499422638039591,1.0,224.27901342686832
,,,,,,,,,,,,,,,0.0023320889623808,0.3264809765586632,301.3062572054272,0.0023747385274867456,1.0,243.52390454455673
,,,,,,,,,,,,,,,0.0025710055570491,0.273609496918758,241.8482379753929,0.0025133807433452018,1.0,203.88033165745765
,,,,,,,,,,,,,,,0.0024245651142587,0.3001097531258561,264.425580320792,0.002409681721495496,1.0,248.52672758025884
,,,,,,,,,,,,,,,0.0026068946975127,0.2738486257922082,240.84945171569143,0.002550838501064938,1.0,270.58015064875354
,,,,,,,,,,,,,,,0.0028341739226109,0.2916795455623245,262.338893436729,0.002410377019529212,1.0,271.7052950207283
,,,,,,,,,,,,,,,0.0026506182126258,0.2657443430064102,235.49173329146757,0.002495458075998339,1.0,240.078756381921
,,,,,,,,,,,,,,,0.0031691255154443,0.2715476691632503,238.16254136852703,0.002337662295484774,1.0,299.4988608990274
,,,,,,,,,,,,,,,0.0030929581435252,0.3500812944643605,307.06542185341755,0.0024947483507887927,1.0,261.5844563447826
,,,,,,,,,,,,,,,0.0024328695380246,0.267347978914804,240.59520821369264,0.0024693015262295765,1.0,285.4546573716744
,,,,,,,,,,,,,,,0.0021980455268393,0.2960562611749847,280.4687362520474,0.0023814425781287715,1.0,201.93598225657732
,,,,,,,,,,,,,,,0.002526740901416,0.3220042328496564,314.9520447527707,0.0025002811512356716,1.0,274.6618379165924
,,,,,,,,,,,,,,,0.0022832597458743,0.3225543937222203,302.3834336604126,0.0023934722497495186,1.0,264.8414493487836
,,,,,,,,,,,,,,,0.0026900885799121,0.3091323626798308,273.22320364265306,0.00230634413370759,1.0,337.411751125693
,,,,,,,,,,,,,,,0.0024494760908935,0.2852419019170569,251.3616969935352,0.0024914749787661654,1.0,282.454610127336
,,,,,,,,,,,,,,,0.0021488012338548,0.2610326779976741,251.16653292778764,0.0024102968785640385,1.0,319.9487510464213
,,,,,,,,,,,,,,,0.002780465377832,0.2868627293242302,256.0986390296441,0.0024812267720994916,1.0,311.39672840248215
,,,,,,,,,,,,,,,0.0025634148327949,0.3394432461422102,301.25597766287814,0.002438301337336514,1.0,235.38801101404133
,,,,,,,,,,,,,,,0.0023315088225093,0.3964643980663829,359.3943176243421,0.0024696824094621985,1.0,255.498361093046
,,,,,,,,,,,,,,,0.0023785216833717,0.3431503658680341,314.74020353743094,0.002405485439655272,1.0,302.05548578856457
,,,,,,,,,,,,,,,0.002401071912693,0.3594947450099955,332.66188174248384,0.0024253451895196233,1.0,284.2018421760414
,,,,,,,,,,,,,,,0.0024353227031768,0.3533947356180378,321.2200401069928,0.002386567801599761,1.0,243.0725053192124
,,,,,,,,,,,,,,,0.0024435601620126,0.3037224514350852,272.3854092067201,0.0024175602609178928,1.0,285.75480759431434
,,,,,,,,,,,,,,,0.0025186409648669,0.279352733147811,243.4030453970228,0.002527997289429344,1.0,246.88555633958083
,,,,,,,,,,,,,,,0.0023860725109585,0.3521221126601629,325.2691199532785,0.0024433546877871194,1.0,255.89372481659953
,,,,,,,,,,,,,,,0.0023576048471696,0.3547622190131193,329.5474180057608,0.0024696182803824254,1.0,243.08841582556863
,,,,,,,,,,,,,,,0.0022170456059217,0.2806948716499012,270.136830831863,0.0024655294859078137,1.0,235.9194798401241
,,,,,,,,,,,,,,,0.0021619602723628,0.2734643123664906,257.9122391465523,0.002518355597520148,1.0,266.91457590844135
,,,,,,,,,,,,,,,0.0026263777646917,0.3064317400051635,271.6762730172327,0.002461655726843917,1.0,223.51739093788953
,,,,,,,,,,,,,,,0.0026666841471208,0.3156405164689556,282.8173380962786,0.002488879090548701,1.0,207.09383167751386
,,,,,,,,,,,,,,,0.0026465405569471,0.2696085857648435,241.04247458856983,0.0024979308683264604,1.0,277.01282468949347
,,,,,,,,,,,,,,,0.0020387323246787,0.3131966187287525,307.0349289827934,0.0024864564362344285,1.0,258.5494228140425
,,,,,,,,,,,,,,,0.0024004191564285,0.2598562283454264,238.32467416806637,0.002440461265770466,1.0,266.3155337794256
,,,,,,,,,,,,,,,0.00210921587379,0.2900093835883472,266.5302629385021,0.002420730852191796,1.0,254.76937483352188
,,,,,,,,,,,,,,,0.0022241861176557,0.2508134316535604,232.44138335073268,0.0023421202150787253,1.0,254.7093456165589
,,,,,,,,,,,,,,,0.0024361652936346,0.2501044157375698,231.95741375288992,0.0024109084280654557,1.0,243.46067691457213
,,,,,,,,,,,,,,,0.0022689945465264,0.3177828353826382,291.53759932189377,0.002435863675216503,1.0,277.9301474935837
,,,,,,,,,,,,,,,0.0026579626001808,0.3010590800279019,265.45855119176525,0.002432242649083625,1.0,230.3485098886468
,,,,,,,,,,,,,,,0.0023739964863819,0.3198055933982446,284.18412135972824,0.0023855728143292666,1.0,229.87753019621834
,,,,,,,,,,,,,,,0.0022001865860178,0.2983271404951552,275.7746660146994,0.0024375540530561872,1.0,313.0220832295654
,,,,,,,,,,,,,,,0.0023137882396536,0.2859211043804006,260.00467740494554,0.0023928546865495176,1.0,261.278273069918
,,,,,,,,,,,,,,,0.0019740741717422,0.2951961090520731,278.68130649346995,0.00238120697295386,1.0,261.8864364943759
,,,,,,,,,,,,,,,0.0022972356143689,0.2916475365748506,260.2180107230269,0.0024231886721900386,1.0,248.3851448818096
,,,,,,,,,,,,,,,0.0021749280965206,0.3163247213710376,289.2116665680302,0.0026104421415089,1.0,284.16509425876075
,,,,,,,,,,,,,,,0.0020812740448574,0.2398117889247906,221.3557981114224,0.0025094608910491327,1.0,240.18377596388532
,,,,,,,,,,,,,,,0.0021515247323081,0.3008910286310187,277.77542108634293,0.002530539357590139,1.0,240.83952946003262
,,,,,,,,,,,,,,,0.0021551603466927,0.2903718845610929,279.70345577174646,0.002441337567820034,1.0,306.7395069612282
,,,,,,,,,,,,,,,0.0023296727153448,0.329433741548051,298.1313928856714,0.0024664701422340354,1.0,242.8318310120341
,,,,,,,,,,,,,,,0.002416710771457,0.3195242079748749,272.7205042549598,0.0024879072031306214,1.0,242.65775635816684
,,,,,,,,,,,,,,,0.0024701170437392,0.3431872814016346,295.2864182613315,0.002538374942153175,1.0,258.08560196888976
,,,,,,,,,,,,,,,0.002910361054351,0.2787324072654052,245.55074810250804,0.0024339046858089766,1.0,278.7384382998818
,,,,,,,,,,,,,,,0.0021644811305742,0.3070026660990068,282.11756319886103,0.0024962198122175446,1.0,298.06094298992736
,,,,,,,,,,,,,,,0.002419607299874,0.2779751232877502,266.0968623317906,0.002382204896052117,1.0,269.5138321527285
,,,,,,,,,,,,,,,0.0026137321896667,0.3623085772961685,327.8631419703986,0.0025459836546230224,1.0,244.26158271348285
,,,,,,,,,,,,,,,0.0024022014470654,0.2807576147367001,256.2768441023176,0.0024787196812682414,1.0,265.9841312753765
,,,,,,,,,,,,,,,0.0022908060444931,0.2780123616889511,255.8872000376784,0.002480670433518479,1.0,271.4986002629504
,,,,,,,,,,,,,,,0.0023509013592044,0.3025839361851411,271.4280115242711,0.002430712496167942,1.0,252.8479028756311
,,,,,,,,,,,,,,,0.0027125745507258,0.3286859807633283,284.1317567942587,0.002510397606691176,1.0,254.96526798834344
,,,,,,,,,,,,,,,0.0022577605105812,0.3633894502893579,327.4269434417997,0.0024657227510210093,1.0,269.8294152133673
,,,,,,,,,,,,,,,0.0019494198849665,0.2687200144436898,257.84481773158984,0.002456130203385528,1.0,222.80394656798336
,,,,,,,,,,,,,,,0.0030212160244061,0.3118322788531645,267.03710481078184,0.0024306767198179293,1.0,232.89503208573026
,,,,,,,,,,,,,,,0.0024392511614231,0.3067811213132116,270.5143697190588,0.0024364509393651848,1.0,293.50290454050077
,,,,,,,,,,,,,,,0.002431047698369,0.3140473987822199,282.7239842792144,0.0024608112486660346,1.0,247.6030487113852
,,,,,,,,,,,,,,,0.0028531833850831,0.3471572594817788,303.2942509602831,0.0023508278447548978,1.0,282.23894192797934
,,,,,,,,,,,,,,,0.0022791390483065,0.3135963871307809,282.7040499779236,0.0024217871489050106,1.0,256.9313535584465
,,,,,,,,,,,,,,,0.0021442846795828,0.2778927939901306,259.28092848134685,0.0024409643756388424,1.0,285.7562691056084
,,,,,,,,,,,,,,,0.0025981470514796,0.2799818554158537,250.56955360236708,0.0024817287216643428,1.0,310.7702200612306
,,,,,,,,,,,,,,,0.0027470475729902,0.3270718132466957,289.7757129803634,0.0024833634477833657,1.0,241.10374734810833
,,,,,,,,,,,,,,,0.0023955040088288,0.2711968498872234,239.10926590802185,0.002472661040938609,1.0,254.5415034930625
,,,,,,,,,,,,,,,0.002320642818131,0.3175795176796966,292.6173171629363,0.0024460280068558512,1.0,339.25850242417107
,,,,,,,,,,,,,,,0.0020862303512317,0.2663731705070035,248.0333020175453,0.0024996391665050217,1.0,233.05138937508931
,,,,,,,,,,,,,,,0.0023808536864107,0.3782024070170158,348.77205562016934,0.002254517842408014,1.0,248.0683832416796
,,,,,,,,,,,,,,,0.0023353118714943,0.2906782217521004,263.5960058960495,0.0024741414866546337,1.0,210.81197692999834
,,,,,,,,,,,,,,,0.0024174086981156,0.3350779950429125,304.17422389613307,0.0023584788240703725,1.0,258.63688851634504
,,,,,,,,,,,,,,,0.0022884729481386,0.3546990033663573,322.636752418432,0.002426132447602608,1.0,285.9977002181885
,,,,,,,,,,,,,,,0.0024735708842438,0.2717298253250289,246.6561006314541,0.0024604859605577606,1.0,332.47379097061423
,,,,,,,,,,,,,,,0.0025891384345148,0.3200411002538189,286.68591767820493,0.0024498210272825933,1.0,259.5087380727635
,,,,,,,,,,,,,,,0.0023304520153273,0.3597418596342457,329.8694045330362,0.0024649057841413455,1.0,251.29723894692145
,,,,,,,,,,,,,,,0.0022939140519776,0.2816611707893808,260.76012044065294,0.0024917511854210747,1.0,246.81123237501288
,,,,,,,,,,,,,,,0.0023831866607164,0.287462531068226,253.90638831244263,0.0024155843269869377,1.0,236.69877542720909
,,,,,,,,,,,,,,,0.0023801935905503,0.2539704770155885,226.4177679858899,0.0025622875188193515,1.0,276.31294660757135
,,,,,,,,,,,,,,,0.0027047144750167,0.3238962856258441,293.28456045652337,0.0023375083889944363,1.0,245.04202495980803
,,,,,,,,,,,,,,,0.0023106400279438,0.3036685559788104,280.32353884396787,0.002522316414486921,1.0,253.2978169088869
,,,,,,,,,,,,,,,0.0024139808236931,0.3338934862500483,298.80769611477234,0.0024617599844491103,1.0,282.20837171917935
,,,,,,,,,,,,,,,0.0028546747651015,0.3708587148665745,340.00498430782227,0.0023935860816638645,1.0,252.9815762453544
,,,,,,,,,,,,,,,0.0023947786503168,0.2972265411532311,270.99884376598425,0.0024270174660288575,1.0,251.1970083251832
,,,,,,,,,,,,,,,0.0022467164019396,0.2665707073070613,253.15331529997545,0.002573950367284027,1.0,270.4314149874332
,,,,,,,,,,,,,,,0.0025075042095159,0.2832667560908514,264.1901636445405,0.002472755237651816,1.0,265.8039224388735
,,,,,,,,,,,,,,,0.0023936742150204,0.2536205614703672,239.36334602045693,0.0024438131284259573,1.0,259.3783780409089
,,,,,,,,,,,,,,,0.0027795780326844,0.3512357782970502,302.87565511610825,0.0024150762899487104,1.0,236.83566495157015
,,,,,,,,,,,,,,,0.0023668930192783,0.3073176739055783,280.0168754043451,0.002456698308844662,1.0,298.3185365015771
,,,,,,,,,,,,,,,0.0028032647923956,0.3010178611327761,262.4829306091196,0.0024262480033149015,1.0,262.4186943477544
,,,,,,,,,,,,,,,0.0022958162970898,0.3227860275317558,291.0178171857015,0.0023853767138514487,1.0,268.2038640893885
,,,,,,,,,,,,,,,0.0025425507624497,0.3202481467309583,282.6988289047966,0.00253911062033242,1.0,220.86651678313063
,,,,,,,,,,,,,,,0.0026857054165063,0.2855032164746059,257.50901119084455,0.002376245658523843,1.0,228.66582815228813
,,,,,,,,,,,,,,,0.0024034343991903,0.2855572035385589,264.2686401111155,0.0025226450826688032,1.0,260.8807383678902
,,,,,,,,,,,,,,,0.002248737354308,0.3328164047627671,309.4820483827638,0.0022920871458765014,1.0,238.68437460518746
,,,,,,,,,,,,,,,0.0021707912813168,0.2850839233559352,263.9689796647648,0.002514306757106601,1.0,280.2876551796373
,,,,,,,,,,,,,,,0.0022632454353821,0.28245351258531,262.1547263152958,0.002478187404450811,1.0,263.0921380662523
,,,,,,,,,,,,,,,0.0022818968130023,0.3037700371195018,290.9140149597266,0.0024474386451815025,1.0,214.9035681404567
,,,,,,,,,,,,,,,0.0029306730533903,0.3762669267332733,327.5975340036252,0.002473530188700778,1.0,230.54768986527142
,,,,,,,,,,,,,,,0.0022019741971398,0.264518116477274,242.4774107573349,0.0023702011588864966,1.0,247.48192881501487
,,,,,,,,,,,,,,,0.0023588427416204,0.3136786911376926,291.453839365496,0.0023551285834751026,1.0,215.2360565630532
,,,,,,,,,,,,,,,0.0022998031183291,0.2480114141991334,222.3299454695812,0.002493696360158576,1.0,262.46390819169596
,,,,,,,,,,,,,,,0.0022926883391853,0.2907981524288591,266.1780851361794,0.0024651275469538014,1.0,275.69062824113297
,,,,,,,,,,,,,,,0.0028223430836997,0.2988596589389567,269.2816121937622,0.0024958773537228614,1.0,251.6231242789992
,,,,,,,,,,,,,,,0.002378082437569,0.2710514400030898,249.9839181101421,0.0024847644449646302,1.0,244.5151241277257
,,,,,,,,,,,,,,,0.0022669347924508,0.3083912086388738,276.937787437622,0.0024771020748938443,1.0,292.20908143508024
,,,,,,,,,,,,,,,0.0025767897585882,0.3154274065480879,283.73286043338175,0.0023768842561305357,1.0,260.78386439736016
,,,,,,,,,,,,,,,0.0021156247703128,0.2420875824871598,226.9055186334082,0.002420343215250244,1.0,216.40756036834551
,,,,,,,,,,,,,,,0.0021580690322256,0.2580701626086839,238.57482319081012,0.0024315628830048307,1.0,290.4822329384446
,,,,,,,,,,,,,,,0.0025317580327107,0.2775193949397899,258.5764967850743,0.0024455688451943155,1.0,264.1345691314079
,,,,,,,,,,,,,,,0.0021746715519471,0.2405107268162222,221.60031622914784,0.002526767983286468,1.0,216.9738548748346
,,,,,,,,,,,,,,,0.002478401541533,0.318418575841927,287.87483254502126,0.0025448963293114506,1.0,254.70761600626903
,,,,,,,,,,,,,,,0.0023280298700111,0.3066052659792947,275.24190190362646,0.0024323961152556985,1.0,267.1398634007498
,,,,,,,,,,,,,,,0.0023005787616746,0.3035297125411501,267.78799571219207,0.00237036920240806,1.0,230.90387753646152
,,,,,,,,,,,,,,,0.0023233993322077,0.2850435366935679,275.9552490642011,0.002586525257134393,1.0,269.2969705994665
,,,,,,,,,,,,,,,0.0024302134178321,0.3398752582344944,290.85752559994376,0.002489324092902139,1.0,231.27490519920045
,,,,,,,,,,,,,,,0.0024884958024286,0.3229072067547703,283.9778455986544,0.0024472819400789356,1.0,225.1911257092872
,,,,,,,,,,,,,,,0.0024747775822967,0.2894862834754955,258.6589317970281,0.002360150678689562,1.0,245.49423420129142
,,,,,,,,,,,,,,,0.0022434400273917,0.2704667623464766,247.00668612562407,0.00251195682496636,1.0,267.0348889157033
,,,,,,,,,,,,,,,0.0024480568572651,0.3179270153492733,282.6137194560403,0.002437541043879855,1.0,252.72631177515657
,,,,,,,,,,,,,,,0.0025448093603058,0.3090577442350919,282.9889804177625,0.002488982017845643,1.0,243.47004589593726
,,,,,,,,,,,,,,,0.002544477266655,0.2850223341573326,258.5287640130518,0.0024567397643609134,1.0,266.102384150866
,,,,,,,,,,,,,,,0.0024311532847813,0.2591918660529155,231.5483502218501,0.0024404316847917804,1.0,311.0148533402099
,,,,,,,,,,,,,,,0.0029271190480566,0.3382647555840353,291.77233806488226,0.0025190538775750047,1.0,220.8776542193066
,,,,,,,,,,,,,,,0.00223649358018,0.2722623228389372,255.5263618719373,0.0024889902093644554,1.0,276.38146605156146
,,,,,,,,,,,,,,,0.0025316679191689,0.3218819478899348,295.9443733695763,0.0024436276323165688,1.0,280.0886756188244
,,,,,,,,,,,,,,,0.0020773559416668,0.2354654899995602,236.37758967836012,0.002486197799476592,1.0,281.0023749494376
,,,,,,,,,,,,,,,0.0026435972266194,0.2538894734175233,231.33237752928352,0.0024111275157498633,1.0,271.7597225294945
,,,,,,,,,,,,,,,0.0027895417031859,0.2999977505613087,263.68726558423504,0.0023933194942271697,1.0,278.4734944622057
,,,,,,,,,,,,,,,0.0023741885265517,0.3195289091721352,281.64330514286803,0.002371325789136677,1.0,246.3075190334894
,,,,,,,,,,,,,,,0.0025940827335162,0.3163864942075406,286.51279019932616,0.0024529389345816295,1.0,206.33103585132045
,,,,,,,,,,,,,,,0.0024116291995426,0.2997808922386767,270.7335875115312,0.0025010977567134322,1.0,260.2273480096172
,,,,,,,,,,,,,,,0.0020374658606808,0.2415950451305171,233.2972037809576,0.0024314117537592994,1.0,220.00015574840364
,,,,,,,,,,,,,,,0.0024717954116585,0.3900384972948332,353.1638994104276,0.0025019014729168653,1.0,229.46310600343995
,,,,,,,,,,,,,,,0.0020344746112542,0.255101865752259,244.59209340603084,0.002477888358637453,1.0,241.90253827021
,,,,,,,,,,,,,,,0.0021331729814787,0.2814895149824319,262.93942881089725,0.002436002997003188,1.0,270.53534896808475
,,,,,,,,,,,,,,,0.0022923782446681,0.3213104132037148,301.7480801381775,0.0026108406812720385,1.0,204.35981476520158
,,,,,,,,,,,,,,,0.0024100123532041,0.3332225447958538,292.3137889937826,0.0024263405323437567,1.0,197.62324521571975
,,,,,,,,,,,,,,,0.0024016853974189,0.3397735561883365,308.7599215920224,0.0025247774636536604,1.0,220.9377479543687
,,,,,,,,,,,,,,,0.0026083782899901,0.3157132216383246,290.52058355674694,0.0024635852336030925,1.0,264.95418043455584
,,,,,,,,,,,,,,,0.0027145078701729,0.2982209081072713,279.51944325131825,0.0024961605083411646,1.0,313.0272008918995
,,,,,,,,,,,,,,,0.0022954842678006,0.2461677444615775,229.80438945723728,0.0024212828132720745,1.0,284.6076256495545
,,,,,,,,,,,,,,,0.0021879002025449,0.2624643672170391,255.1433805257237,0.002367944534473468,1.0,288.4263603534193
,,,,,,,,,,,,,,,0.0022734010106163,0.2898586201525553,265.8253664587192,0.0024585264728668892,1.0,246.32849901704748
,,,,,,,,,,,,,,,0.0024462699124442,0.2641515604008702,234.47630222617116,0.0023957338516481016,1.0,236.45483851035948
,,,,,,,,,,,,,,,0.0021631846938598,0.2486429071744922,240.03425669605488,0.002396099762038621,1.0,254.47604144430392
,,,,,,,,,,,,,,,0.0022242868184441,0.2947101746927348,260.2410238210186,0.0024976800452084537,1.0,192.2472398215724
,,,,,,,,,,,,,,,0.0025868718497471,0.3121761293513461,271.32484065148367,0.002530460998372607,1.0,283.5151009693153
,,,,,,,,,,,,,,,0.0025744052287826,0.2541817925797713,217.08772153505512,0.002384667957362921,1.0,251.78324279178884
,,,,,,,,,,,,,,,0.0023659599573833,0.2356268767301587,214.66601349560204,0.002528309734366969,1.0,250.45186698767662
,,,,,,,,,,,,,,,0.0024323010842234,0.249163345691664,226.07780974212773,0.0022789090412595743,1.0,282.4139888615779
,,,,,,,,,,,,,,,0.0023048985230435,0.2954657971747532,273.0002085542848,0.0024705178844936916,1.0,258.035458767182
,,,,,,,,,,,,,,,0.0023641845673015,0.3378930512898863,311.5618684442438,0.002431636188391571,1.0,249.07620164675546
,,,,,,,,,,,,,,,0.002192660605075,0.3156527676575668,306.3252569871365,0.002371958309676096,1.0,225.83045895127282
,,,,,,,,,,,,,,,0.0026731009441503,0.3382197194772262,296.3932867117922,0.0024341946090279632,1.0,260.2796745123719
,,,,,,,,,,,,,,,0.0023061876602833,0.3398915830969958,310.7419779554111,0.0024587872862971787,1.0,239.33445997556365
,,,,,,,,,,,,,,,0.0023312894226801,0.2288777853198295,212.63939985880407,0.002431931311044409,1.0,270.031104936806
,,,,,,,,,,,,,,,0.0022310303627076,0.3345103578206339,303.0648568840419,0.0025893508973821493,1.0,256.61551058381167
,,,,,,,,,,,,,,,0.0026924390205049,0.2510215178173916,229.9056615928193,0.002372019755791666,1.0,281.8367086684803
,,,,,,,,,,,,,,,0.0025465762238177,0.2468566752506299,226.87257668452747,0.002400095967192111,1.0,272.37070432194486
,,,,,,,,,,,,,,,0.0024383622524055,0.3310399237581125,299.96520721190603,0.002504315559896271,1.0,282.6075210734735
,,,,,,,,,,,,,,,0.0023268092198779,0.308887151515486,281.149111097053,0.002397949872325679,1.0,296.09286196590284
,,,,,,,,,,,,,,,0.0022896073844974,0.2797491217894282,258.96821366750595,0.002431720015657074,1.0,265.8816366278729
,,,,,,,,,,,,,,,0.0024147996642734,0.3330901594227293,297.70716042414654,0.0023819707920559596,1.0,212.54059274488762
,,,,,,,,,,,,,,,0.0030860444915761,0.332110290781368,270.91207567406013,0.0024952220098013963,1.0,279.02702025993034
,,,,,,,,,,,,,,,0.0025134478602897,0.2966346597065629,257.1250345786703,0.0024090941136715037,1.0,285.50482448149836
,,,,,,,,,,,,,,,0.0028309436591233,0.2832608899907179,255.58512322580503,0.0024023785074747317,1.0,243.34973923160317
,,,,,,,,,,,,,,,0.0023886825600357,0.2908635882264322,259.6955891036694,0.0023969539233982735,1.0,264.8513277330597
,,,,,,,,,,,,,,,0.002601757033313,0.3039657626817036,280.58139188519056,0.0025649279510002493,1.0,253.78679299372808
,,,,,,,,,,,,,,,0.0025219542508702,0.2726094570000875,251.7097159245421,0.0024882978132196314,1.0,219.75075798390125
,,,,,,,,,,,,,,,0.002262304476467,0.3189250352325705,290.4201455538497,0.0024468565278068567,1.0,268.92439782157555
,,,,,,,,,,,,,,,0.0023048766575148,0.2942425297449975,265.735959747622,0.002473880431475801,1.0,240.93642497735078
,,,,,,,,,,,,,,,0.0026954959985632,0.3640299894477539,314.6889357890069,0.0024112420593641794,1.0,266.16207084854466
,,,,,,,,,,,,,,,0.0022472372787633,0.2830452885558979,258.6498533998347,0.002483313980338024,1.0,229.05096671353135
,,,,,,,,,,,,,,,0.0024611215657798,0.3993611117186472,360.19030201561327,0.0025242518484855686,1.0,257.11090342337206
,,,,,,,,,,,,,,,0.0024448175601212,0.2937384848056145,268.2586292797883,0.0024706977973791193,1.0,254.08081858858634
,,,,,,,,,,,,,,,0.0021976986288005,0.2709876600599286,255.69378574845803,0.002587240621162393,1.0,229.825988327503
,,,,,,,,,,,,,,,0.0025157435435273,0.2965104966541916,271.41470776471044,0.0024495285591703483,1.0,262.4461647904605
,,,,,,,,,,,,,,,0.0025437053482392,0.3227299204787962,279.0421490985514,0.002430924013413693,1.0,272.9154579128466
,,,,,,,,,,,,,,,0.0029998571220152,0.3455395216248733,311.62274088314376,0.002608756571372348,1.0,200.86968859591235
,,,,,,,,,,,,,,,0.0025546917559799,0.2786497658619578,254.9579849044904,0.002522909006253446,1.0,268.34587327481177
,,,,,,,,,,,,,,,0.0022934113843773,0.2928170333994316,267.14778458118224,0.0024733094917496748,1.0,273.5301984206075
,,,,,,,,,,,,,,,0.0024327617802415,0.3095952219158547,274.69245948232214,0.0024716586920559315,1.0,227.9626321032926
,,,,,,,,,,,,,,,0.0025930773368822,0.2518104778708623,228.20834347814417,0.0025265934682125405,1.0,232.30584932202214
,,,,,,,,,,,,,,,0.0021910330713779,0.3089642123072622,279.6979292726164,0.0024826429763422286,1.0,283.7101067965894
,,,,,,,,,,,,,,,0.0023476624023436,0.2936561697851342,268.58014936288515,0.0024448319483656683,1.0,257.65834390143016
,,,,,,,,,,,,,,,0.002336318973667,0.3019960784734838,283.423089973897,0.0023375188900953904,1.0,239.71724929939649
,,,,,,,,,,,,,,,0.0023987748626,0.2717281848038099,241.2279561417223,0.0024503573409650316,1.0,260.80849141692215
,,,,,,,,,,,,,,,0.002343257367716,0.2644111830836268,243.35119311987333,0.002327009170203578,1.0,209.24553153529376
,,,,,,,,,,,,,,,0.002084045668704,0.2811817228942365,261.9528790612379,0.0024340390411351958,1.0,265.8079695063589
,,,,,,,,,,,,,,,0.0023457735330499,0.3209472444548951,287.0839258120029,0.0024095912726912,1.0,281.2511449577058
,,,,,,,,,,,,,,,0.0025069822804167,0.2834106248002145,252.91609612154792,0.0024396267206872133,1.0,327.7422243624427
,,,,,,,,,,,,,,,0.0023387254435283,0.3279928977781926,302.5345151102992,0.0024142163960542713,1.0,280.84711059508146
,,,,,,,,,,,,,,,0.0024183938633602,0.257816795139519,237.62398484770128,0.0023977813459341167,1.0,249.9371127331619
,,,,,,,,,,,,,,,0.0023713450087754,0.2396206994053278,228.2685074976885,0.0024959859999408173,1.0,235.37461857660404
,,,,,,,,,,,,,,,0.0029637431651499,0.3320475623628093,293.3912146149776,0.002556008671450772,1.0,229.40678936104553
,,,,,,,,,,,,,,,0.0021236912157766,0.3051494904189818,284.95820821126006,0.0024500771893191044,1.0,270.6662969964692
,,,,,,,,,,,,,,,0.0024430482459955,0.2738205868085119,243.7043560235812,0.0024783434944225928,1.0,296.4940971802544
,,,,,,,,,,,,,,,0.0020421202671843,0.2616980104859142,249.7115239927717,0.002450153054542496,1.0,240.38913411304205
,,,,,,,,,,,,,,,0.002011213829245,0.315746041836268,295.4884130126363,0.0024124182496286055,1.0,272.7007635352416
,,,,,,,,,,,,,,,0.0023335125321207,0.2957540253884327,270.8312073314495,0.002436940385218645,1.0,256.3074100073639
,,,,,,,,,,,,,,,0.0025691914940408,0.3065014599456495,278.20896712617434,0.002431305861690343,1.0,259.3975753412686
,,,,,,,,,,,,,,,0.0024729415440933,0.2850625419236435,257.29818959368305,0.0024996652519878627,1.0,201.06231412272976
,,,,,,,,,,,,,,,0.0023535378064213,0.2460683675384125,224.54982222190043,0.0024422294953606403,1.0,293.1559274783245
,,,,,,,,,,,,,,,0.0026923631346171,0.2916998865645594,268.8043552571969,0.002403972312776571,1.0,294.26652716636335
,,,,,,,,,,,,,,,0.0023439696150698,0.3016882006009604,277.0172364229033,0.002500171658692119,1.0,341.26671887331884
,,,,,,,,,,,,,,,0.0025862426454474,0.3837428169412146,340.7215909819293,0.002532290026173488,1.0,248.86879172092395
,,,,,,,,,,,,,,,0.0028727618259812,0.3635214580619141,325.6075479713396,0.00241917383115104,1.0,235.49161147890848
,,,,,,,,,,,,,,,0.0025713572463599,0.3323362559178286,296.389872100516,0.0023762987627239576,1.0,259.5079688539591
,,,,,,,,,,,,,,,0.0021944096580666,0.2733723843118679,249.92313311032305,0.0023841410769122806,1.0,278.883238964019
,,,,,,,,,,,,,,,0.0022873141699715,0.268752933385868,255.2582326030181,0.0024846008954063714,1.0,232.27284810041937
,,,,,,,,,,,,,,,0.0024022407675146,0.2565932736017173,237.5825788512018,0.002336362436994896,1.0,233.4796957968123
,,,,,,,,,,,,,,,0.0021789180205582,0.3384828126321864,309.02662296157587,0.002524375412294186,1.0,283.1068646890698
,,,,,,,,,,,,,,,0.0022204652456148,0.3122565824036373,285.34769315720865,0.0023674453417358195,1.0,237.06080432167582
,,,,,,,,,,,,,,,0.0022949907715702,0.2901379554749771,270.8714685019571,0.002487657048251763,1.0,272.48012899280565
,,,,,,,,,,,,,,,0.002313472491224,0.3190767955447768,296.9459773577611,0.002452908233373984,1.0,278.2553066912375
,,,,,,,,,,,,,,,0.0025117546505166,0.3013472463544392,264.89286240731604,0.0023491764437200574,1.0,259.03034607800544
,,,,,,,,,,,,,,,0.0021449064185355,0.2843569529634381,272.4192878513144,0.002446941260456594,1.0,274.08290305598956
,,,,,,,,,,,,,,,0.0023593048841521,0.235030646730674,216.28223643490531,0.002518862906172644,1.0,268.8032970648003
,,,,,,,,,,,,,,,0.0026462382424508,0.3452656987280936,298.9674209068253,0.0024559313609958857,1.0,299.00879181085025
,,,,,,,,,,,,,,,0.0027989811671226,0.3601778279155769,323.35902664952965,0.0024178663321386433,1.0,281.71988565342554
,,,,,,,,,,,,,,,0.0023804104097843,0.3736524135345073,339.0876681206152,0.002512773365142935,1.0,313.98118325881575
,,,,,,,,,,,,,,,0.0024213598371641,0.3043609356333285,273.61040876253617,0.0025517822328104275,1.0,259.27926667303603
,,,,,,,,,,,,,,,0.0026421609010587,0.3096280875063208,277.62139538785686,0.0023823864943742406,1.0,229.01307163622465
,,,,,,,,,,,,,,,0.0023504336493483,0.2716286156709243,260.2484529654371,0.0026182092470124225,1.0,301.7616876253558
,,,,,,,,,,,,,,,0.0024661198994104,0.3194332150186011,294.27927574809297,0.002352316454000325,1.0,229.0472003772377
,,,,,,,,,,,,,,,0.0021281277606506,0.2698713238242121,244.3002318586719,0.0024119781139208983,1.0,226.1222218782281
,,,,,,,,,,,,,,,0.0029648371082241,0.2881361797160686,249.85336170285177,0.0024001017548304373,1.0,309.42262311351277
,,,,,,,,,,,,,,,0.0023638727793827,0.2911141871461494,261.2468706300869,0.0024856329367662364,1.0,291.0937189213836
,,,,,,,,,,,,,,,0.0024237377191699,0.3346371034750378,320.9322006998946,0.0024570630053894105,1.0,259.7798990776277
,,,,,,,,,,,,,,,0.0027934544167213,0.2792554982924437,248.994847480541,0.002329412717717338,1.0,291.1202567898138
,,,,,,,,,,,,,,,0.0026650317562963,0.3229667977172211,291.2293320751765,0.002403605030446241,1.0,225.68282909180897
,,,,,,,,,,,,,,,0.002368829701457,0.330955430129085,290.8263495744096,0.002338573400516432,1.0,242.86927644860455
,,,,,,,,,,,,,,,0.0025907719441094,0.2976309364238923,259.7198407393782,0.0024610619901978496,1.0,248.7454305087254
,,,,,,,,,,,,,,,0.0021562989512998,0.3110055069182738,288.342944442336,0.002418878060354515,1.0,269.5676144396035
,,,,,,,,,,,,,,,0.0025939852261051,0.3266135199733483,286.4694402251282,0.0024755004690214092,1.0,257.204235081299
,,,,,,,,,,,,,,,0.00237753683297,0.3409276948595471,311.4478770538538,0.0023952777662047645,1.0,274.09322193846725
,,,,,,,,,,,,,,,0.0018707840859076,0.3349035571895665,337.94942903887016,0.002483008243425096,1.0,212.97848316205602
,,,,,,,,,,,,,,,0.0021086889224502,0.3115943783045425,295.3232150999742,0.002460170774318925,1.0,266.42269039300965
,,,,,,,,,,,,,,,0.0019119917153682,0.2972360879244988,290.4234156559262,0.002469147855036959,1.0,234.52158241345936
,,,,,,,,,,,,,,,0.002347792249001,0.2584210487335807,233.3354794666872,0.002353242259334241,1.0,296.28441740387814
,,,,,,,,,,,,,,,0.0025526128016579,0.3183528475360623,289.7397569354738,0.002540226683249046,1.0,222.55745736241045
,,,,,,,,,,,,,,,0.0023044860836767,0.2850178137493054,261.2498482614015,0.0025431681103695574,1.0,280.87201513962435
,,,,,,,,,,,,,,,0.0023956671372989,0.2690639676355053,241.2233745916324,0.002447209246998279,1.0,255.23468979372038
,,,,,,,,,,,,,,,0.0020686136509647,0.3120731936634757,285.96978371720303,0.002490718657225749,1.0,206.85828298375608
,,,,,,,,,,,,,,,0.0022070270913552,0.3733232357333534,348.61926952364627,0.0025013916314988983,1.0,303.5837921929979
,,,,,,,,,,,,,,,0.0021415827691231,0.2954834606444732,271.4440556153208,0.00249921794779299,1.0,259.1208708634593
,,,,,,,,,,,,,,,0.0021326281112659,0.2937818943647238,276.8413425497141,0.0025315372916542875,1.0,241.2584745163165
,,,,,,,,,,,,,,,0.0029374067654793,0.3538386765229864,303.459816774894,0.0025647006459463984,1.0,211.62865218395956
,,,,,,,,,,,,,,,0.0023967348066552,0.2599341061993389,240.4945331340867,0.0023979043993306508,1.0,259.4804638773972
,,,,,,,,,,,,,,,0.0024573139267968,0.2961144373200157,268.2454237431727,0.0024417709421346765,1.0,228.08470777657925
,,,,,,,,,,,,,,,0.0026968635528875,0.2860489465227224,253.1335496917407,0.0024750492788867796,1.0,295.13692437077606
,,,,,,,,,,,,,,,0.0021992222099581,0.3211689211593239,294.8202087915225,0.0023910752823550698,1.0,223.76098364908307
,,,,,,,,,,,,,,,0.0027289223716591,0.3110531529115125,273.88931024508287,0.0024704198536306043,1.0,252.3409065102482
,,,,,,,,,,,,,,,0.0025511354683473,0.3194153521555291,284.31452435616814,0.0026123054923861927,1.0,239.28989406365778
,,,,,,,,,,,,,,,0.0023920992291051,0.2757856918945493,238.97459208978813,0.0024350132266380666,1.0,273.0433358407675
,,,,,,,,,,,,,,,0.0025494301439529,0.2869037609898338,259.37842389404744,0.002408025100373363,1.0,280.7077319204931
,,,,,,,,,,,,,,,0.0024757806678683,0.272379612804839,249.9958263317888,0.0024873385418025906,1.0,299.7212876098066
,,,,,,,,,,,,,,,0.0025328671933106,0.3617794881390112,321.9198116933927,0.002515007072590732,1.0,265.1416933733022
,,,,,,,,,,,,,,,0.0026772650321905,0.2568627328476981,233.5557857416279,0.002316711675136248,1.0,252.29541150215428
,,,,,,,,,,,,,,,0.0024404396204643,0.3212148533681661,276.89640588781594,0.0024831903672644464,1.0,248.468594646793
,,,,,,,,,,,,,,,0.0018675987219582,0.285719135920252,271.33836710811187,0.0023579118956104355,1.0,280.5639658830485
,,,,,,,,,,,,,,,0.0020774680562064,0.231760751942403,217.32396612319707,0.0024798986793250185,1.0,265.8476163795674
,,,,,,,,,,,,,,,0.0025221511092714,0.3302041053620677,295.2544664441347,0.002426078514978364,1.0,233.92999904875603
,,,,,,,,,,,,,,,0.002772554743103,0.3271856258365169,289.904819280321,0.0024882979013904722,1.0,281.0402931614876
,,,,,,,,,,,,,,,0.0023212139353569,0.3424111779842863,317.8216520721899,0.0024118708016547846,1.0,303.4043104772785
,,,,,,,,,,,,,,,0.0023076346974294,0.245972836755814,227.15809474709317,0.002526307182037341,1.0,258.409418680891
,,,,,,,,,,,,,,,0.0022961093894404,0.2695831330135668,243.91117099166937,0.0024517593104194852,1.0,311.8514495991673
,,,,,,,,,,,,,,,0.0023923487764675,0.2916980203173815,251.9392492009926,0.0024938461312732653,1.0,228.53088794602232
,,,,,,,,,,,,,,,0.002177937772564,0.2769916674600889,258.14934873256806,0.0026399576242895247,1.0,303.8637930941011
,,,,,,,,,,,,,,,0.0022130344941792,0.320778177048007,305.2331975601997,0.0024534265668506986,1.0,245.12870957928317
,,,,,,,,,,,,,,,0.0022936458237434,0.2509637287746644,236.0033050099552,0.002474416420085933,1.0,266.56601277309517
,,,,,,,,,,,,,,,0.0020918622292747,0.2757592601610614,260.2678449275329,0.002470654400449848,1.0,225.6550738937022
,,,,,,,,,,,,,,,0.0023434152252808,0.2877222444355568,256.6344738697413,0.0025010104745687442,1.0,269.4201481379224
,,,,,,,,,,,,,,,0.0025747057853553,0.3432785639466906,301.5828785785921,0.0023506664301549836,1.0,226.16539371671797
,,,,,,,,,,,,,,,0.002505251130222,0.3238308052996277,294.8864400157629,0.0024567214439101264,1.0,293.53089966317776
,,,,,,,,,,,,,,,0.0021952717690143,0.3407447656975469,322.7576284879988,0.0024011727193417472,1.0,266.8566852281579
,,,,,,,,,,,,,,,0.0030111856356691,0.3100274255687057,257.31890679116634,0.002430925767196997,1.0,262.9114676678202
,,,,,,,,,,,,,,,0.0024381125336603,0.2915163266131249,263.90622655783216,0.0024586770634937817,1.0,287.9426306340386
,,,,,,,,,,,,,,,0.0022767547071684,0.3194066393498545,301.2922970629923,0.002444607718671482,1.0,240.2633272610336
,,,,,,,,,,,,,,,0.0026217344063321,0.2867062504315669,263.2446189814595,0.002448870107982954,1.0,286.4465414722264
,,,,,,,,,,,,,,,0.0026572404139316,0.3367757292733963,295.136842098159,0.0023919019577180248,1.0,202.60227835282393
,,,,,,,,,,,,,,,0.0022975504308442,0.2853816565559338,263.7870737628775,0.0024855419152332676,1.0,203.72638461829106
,,,,,,,,,,,,,,,0.0025330497388027,0.2881478913221261,268.24042753275523,0.0024393195851180687,1.0,254.922516616037
,,,,,,,,,,,,,,,0.002352289441203,0.3220911790518751,298.85063631629663,0.0025485189606739645,1.0,288.91416236888625
,,,,,,,,,,,,,,,0.0025329077209631,0.3451008773482639,316.3457296923248,0.0024609441059296596,1.0,317.3409766008264
,,,,,,,,,,,,,,,0.002248781884776,0.2932854410245049,272.16840673320416,0.0023654943524836452,1.0,266.55741349074185
,,,,,,,,,,,,,,,0.0024631286123004,0.3912415946499193,351.50892613218883,0.0025087047642852254,1.0,271.2268166727309
,,,,,,,,,,,,,,,0.0025316969756805,0.2652851809255567,235.23563981693152,0.0023781319296556826,1.0,220.16934701195933
,,,,,,,,,,,,,,,0.0023002433493904,0.3429332736137829,319.26815754828743,0.002422574901519855,1.0,283.9894319379676
,,,,,,,,,,,,,,,0.0025164362585814,0.276665258831487,255.4834941697096,0.002512746411728341,1.0,200.6670191553443
,,,,,,,,,,,,,,,0.0022727382077563,0.3293898802733136,299.5109064562537,0.002373785553978685,1.0,222.75317195748713
,,,,,,,,,,,,,,,0.0021071014671146,0.2782259859157476,251.1735803814234,0.002375820901762558,1.0,281.0840743263488
,,,,,,,,,,,,,,,0.0021874528557059,0.2650286818957202,246.59456970153204,0.0023112797493404953,1.0,231.2402560938413
,,,,,,,,,,,,,,,0.0019656941680258,0.2609554386721658,253.33217065882823,0.002521268912956457,1.0,257.58880330635316
,,,,,,,,,,,,,,,0.0023887006966888,0.3099883111142099,287.3519161727607,0.0025309934034590223,1.0,224.9429742504053
,,,,,,,,,,,,,,,0.0024209049276909,0.3684337373911676,340.72848408630733,0.0023461042017309127,1.0,256.7969322553454
,,,,,,,,,,,,,,,0.0023848568366944,0.2604009622175924,246.1690523970395,0.0024280241160477526,1.0,233.41303901935763
,,,,,,,,,,,,,,,0.0023537310568693,0.3074270352238641,289.510401694804,0.0024299406985121667,1.0,240.59954806301184
,,,,,,,,,,,,,,,0.0022275637432944,0.3135508209435861,299.4311296624255,0.0023926550954676026,1.0,263.00799793693665
,,,,,,,,,,,,,,,0.002541202102071,0.2812317434197099,258.88381847278106,0.0024994858856160636,1.0,234.66727744242434
,,,,,,,,,,,,,,,0.002562322006281,0.2777752161307818,242.67843550757692,0.002324191100566004,1.0,215.10357590125955
,,,,,,,,,,,,,,,0.001944589141158,0.2215531425981396,213.50381211293524,0.0023615186510183577,1.0,218.4644248392327
,,,,,,,,,,,,,,,0.0019970346533355,0.279194599845786,257.79521779830947,0.0024021736393997403,1.0,271.2356421160324
,,,,,,,,,,,,,,,0.0023365984196254,0.2768568857228695,257.1133895893663,0.002453235833288625,1.0,215.7796936082955
,,,,,,,,,,,,,,,0.0022864129562125,0.3361351949529874,315.6120932660649,0.0023541783427283884,1.0,254.59446123380047
,,,,,,,,,,,,,,,0.0025175081188194,0.3748509997005038,334.81449591378765,0.0023887569566174425,1.0,247.20790948603
,,,,,,,,,,,,,,,0.0020732688741972,0.2906629281412764,274.3862809587084,0.00241780311440397,1.0,212.93276750048682
,,,,,,,,,,,,,,,0.0025663545969905,0.3113306235358339,279.56706568432423,0.0024035940870618514,1.0,290.692363292011
,,,,,,,,,,,,,,,0.0024298367132591,0.2511969572988661,229.3705435884176,0.002470755461458909,1.0,296.7061915853126
,,,,,,,,,,,,,,,0.0030574821179712,0.3477247091426937,309.1455494589806,0.002398255280210071,1.0,273.63891322137164
,,,,,,,,,,,,,,,0.0021718331673,0.260860982422934,230.94760490934675,0.002408074698849031,1.0,245.06460967932344
,,,,,,,,,,,,,,,0.002597247815681,0.2475407440900292,222.88095826912527,0.0024835581744016406,1.0,253.2397804290064
,,,,,,,,,,,,,,,0.0025192026167979,0.3210178099614354,291.06312247752,0.002467611944898795,1.0,246.92160470665297
,,,,,,,,,,,,,,,0.0021614562800294,0.2490335908659863,227.16782227826323,0.002506735744116662,1.0,282.9392866845595
,,,,,,,,,,,,,,,0.0022117218307188,0.348285133461491,311.55998665246113,0.0024766179448410413,1.0,227.24466841103407
,,,,,,,,,,,,,,,0.0023246820492801,0.2700337685751699,243.31006565856583,0.0024487946504170286,1.0,268.6799094165703
,,,,,,,,,,,,,,,0.0026852949061739,0.2756132492230664,242.402544258411,0.002566834333281002,1.0,257.82268007073
,,,,,,,,,,,,,,,0.0026792978235812,0.3238298047342168,280.56914903118656,0.002402724966705904,1.0,236.68156719049077
,,,,,,,,,,,,,,,0.0023326899243292,0.2598330508798046,240.039661612565,0.0024858659018098185,1.0,313.6911191116732
,,,,,,,,,,,,,,,0.0020298254727005,0.2630359715273332,254.59582378613632,0.002513336598512631,1.0,297.04060318997745
,,,,,,,,,,,,,,,0.0026803946619259,0.3493736163527857,294.16255131477425,0.002473431496998822,1.0,267.21253582124325
,,,,,,,,,,,,,,,0.0024868890255739,0.2808037371678467,251.6490277438509,0.002413517791974865,1.0,236.13013111534863
,,,,,,,,,,,,,,,0.0021409310278275,0.23580716607893,213.29543548417803,0.002483834760789234,1.0,293.8413084263955
,,,,,,,,,,,,,,,0.0021573854590367,0.2537617103709367,235.4227614287504,0.0022675288748121294,1.0,205.8927539277189
,,,,,,,,,,,,,,,0.0023376665102685,0.3156280589092369,284.7837003717905,0.0024234208600626135,1.0,247.22784896704238
,,,,,,,,,,,,,,,0.0024906333598502,0.258714926633678,224.05538173141449,0.002491126766953547,1.0,268.4589762830912
,,,,,,,,,,,,,,,0.0027006101303418,0.3088213498495226,262.8224493200984,0.002411450319364541,1.0,263.95035376950636
,,,,,,,,,,,,,,,0.0022118015901373,0.2841428373840715,274.1237949390285,0.0025721828300336153,1.0,284.9558623358493
,,,,,,,,,,,,,,,0.0022770613784236,0.2608715643518933,238.93814787139948,0.0024908345707653733,1.0,281.96551167134385
,,,,,,,,,,,,,,,0.002418684554211,0.2914780983366334,276.23689502973764,0.0024481196955853006,1.0,224.99841133966254
,,,,,,,,,,,,,,,0.0024796005740277,0.3446215927193853,308.2539581355256,0.002386379793275608,1.0,273.1263621534207
,,,,,,,,,,,,,,,0.002141896757676,0.3196032945600848,283.73086263513267,0.0024397953818304447,1.0,244.574870855467
,,,,,,,,,,,,,,,0.0022244718277341,0.289114193312195,271.3685199642791,0.0023662113412066224,1.0,253.6003447657831
,,,,,,,,,,,,,,,0.0023284953953248,0.2707270322297101,250.64145777738267,0.002348772837849306,1.0,276.21111908852913
,,,,,,,,,,,,,,,0.002159138318546,0.2858638396062923,266.238112864433,0.002514662472276215,1.0,277.0678375978939
,,,,,,,,,,,,,,,0.0022631914775462,0.3160124058354844,292.9885052408587,0.0024950473159213353,1.0,262.1906301015063
,,,,,,,,,,,,,,,0.0021152359038818,0.2659423580782137,250.29874210199483,0.002389100086636199,1.0,241.71478914215726
,,,,,,,,,,,,,,,0.002052108796179,0.2771093010668003,262.3588434502639,0.0024265770775486043,1.0,280.3110891918543
,,,,,,,,,,,,,,,0.0024537008015675,0.3178831053888012,305.54733389911,0.0024107463454412304,1.0,260.5856829872899
,,,,,,,,,,,,,,,0.0022134100687468,0.3010032841865891,280.04575916810103,0.002467285685352514,1.0,313.95029023611477
,,,,,,,,,,,,,,,0.0022653244481144,0.2721549977577229,255.2625386308628,0.0025085117764098294,1.0,279.5439252023962
,,,,,,,,,,,,,,,0.0026305679876541,0.3773461935066005,342.2029508412604,0.002455053761676267,1.0,262.3745571460239
,,,,,,,,,,,,,,,0.0029902925371314,0.3476402993061195,304.80006938079543,0.0024882467956941746,1.0,294.5296931544712
,,,,,,,,,,,,,,,0.0025375169930785,0.3217769002928512,276.85670408322835,0.0025537428945599356,1.0,276.6219371840018
,,,,,,,,,,,,,,,0.0023833071684583,0.289305457041525,256.6777278879338,0.0025135445914495767,1.0,310.16867911185193
,,,,,,,,,,,,,,,0.0022496133311206,0.3136894427653312,294.9970478168956,0.0024426468823992814,1.0,254.92204869513967
,,,,,,,,,,,,,,,0.0026143795454777,0.2619482242350142,242.8313558506136,0.002579073282094182,1.0,286.13424567091647
,,,,,,,,,,,,,,,0.0023379306431925,0.2606451992698904,224.8333353776986,0.002484720055262242,1.0,274.35100770940386
,,,,,,,,,,,,,,,0.0021388209597264,0.3108825236324812,294.4922936308988,0.002391877193195408,1.0,230.02743566673806
,,,,,,,,,,,,,,,0.0024665281166926,0.3083334151851095,273.356120507006,0.002350834471690829,1.0,230.60367145359078
,,,,,,,,,,,,,,,0.0023435468007662,0.3156856410280189,290.3018178108571,0.0024573432830848944,1.0,249.43510816842945
,,,,,,,,,,,,,,,0.0025066446101774,0.3349565698000622,308.14029115173406,0.002275023994542199,1.0,257.4262286536117
,,,,,,,,,,,,,,,0.0021670920506111,0.3381429599986854,304.4585781511925,0.002543901906966286,1.0,225.67949809720173
,,,,,,,,,,,,,,,0.0024925558023502,0.2569705895143958,242.8498893872212,0.002484773169990699,1.0,274.2092494748723
,,,,,,,,,,,,,,,0.0025350264490194,0.3160273223628685,280.13276204524726,0.002366788698773785,1.0,251.9620419930355
,,,,,,,,,,,,,,,0.0025903227910146,0.276405984116762,245.2777860307012,0.0024086042508482132,1.0,250.56245658183886
,,,,,,,,,,,,,,,0.0023910642564963,0.3184131653513339,293.95787366782645,0.0023305131084699077,1.0,207.57264775945384
,,,,,,,,,,,,,,,0.00221681751802,0.2926808296276656,267.7939581599559,0.0024198292690718786,1.0,248.43372489836983
,,,,,,,,,,,,,,,0.0025201873612086,0.3403980074724551,305.1287878536171,0.00249421883006562,1.0,250.83338575128815
,,,,,,,,,,,,,,,0.0023289175697093,0.2986694065543454,271.9757382782425,0.002532596141536502,1.0,277.4481539111795
,,,,,,,,,,,,,,,0.0027958116759383,0.2957054084056092,258.1502509253091,0.0025283880682676375,1.0,275.1083050106873
,,,,,,,,,,,,,,,0.0023159250095004,0.3376614404862954,304.959228522821,0.0023506586283019715,1.0,309.0079962140261
,,,,,,,,,,,,,,,0.0026706036359043,0.2860955063329122,262.0778441097443,0.002562143332110206,1.0,257.43104311208367
,,,,,,,,,,,,,,,0.0022705163458669,0.3598934302924253,336.1623498484514,0.002451279364043759,1.0,306.9109738312497
,,,,,,,,,,,,,,,0.0025359082018685,0.312851688189213,278.46832789076944,0.0025440117922533746,1.0,258.4055105688124
,,,,,,,,,,,,,,,0.0024310222859952,0.3391828227152478,309.6377256301723,0.002568709302093941,1.0,217.1816589138424
,,,,,,,,,,,,,,,0.0023618972043615,0.3315275903525001,294.825035765778,0.0023662779610293286,1.0,279.46637829006244
,,,,,,,,,,,,,,,0.0024998558099551,0.3358022762317723,310.0716820528268,0.0025316840913870596,1.0,257.4019626746016
,,,,,,,,,,,,,,,0.0024720339570408,0.3124727383533037,274.6683685248905,0.0024072041951107293,1.0,265.9147211753677
,,,,,,,,,,,,,,,0.002349786192943,0.3485761926505225,321.70383909599605,0.0024107770917572062,1.0,277.18012341752313
,,,,,,,,,,,,,,,0.0030129779433879,0.3335199451683329,289.17032629024834,0.002421433279414414,1.0,288.45920248147445
,,,,,,,,,,,,,,,0.0028093825367438,0.3112124635518293,287.89949246144056,0.002365407901094209,1.0,269.8178911904628
,,,,,,,,,,,,,,,0.0023357645384087,0.2995313857027079,270.2245056683101,0.0025397818605624937,1.0,272.4588180229678
,,,,,,,,,,,,,,,0.0020081286423501,0.2449913873445542,231.7857372239692,0.0025265094152871733,1.0,215.06028621584744
,,,,,,,,,,,,,,,0.002423251430249,0.2965069594453553,267.50679398942555,0.0025655235675913716,1.0,270.91117161773104
,,,,,,,,,,,,,,,0.0024662391080878,0.3161994629158863,277.75313680149753,0.002425765889874618,1.0,247.4107133690485
,,,,,,,,,,,,,,,0.0024967020613188,0.2790205426646061,249.91602637425424,0.002436061288217953,1.0,265.63104959685893
,,,,,,,,,,,,,,,0.00216148908496,0.2622633048866756,240.33736769723285,0.0024709726721849406,1.0,298.40951807796154
,,,,,,,,,,,,,,,0.0028352021259354,0.3411293069714378,303.0688672151742,0.002364487687749365,1.0,231.35691015150692
,,,,,,,,,,,,,,,0.0023942162818031,0.290698579819398,260.0742550577717,0.002607100939901832,1.0,300.17763137055726
,,,,,,,,,,,,,,,0.0024296486416019,0.2843622152189685,255.62091797998207,0.0024435563072531647,1.0,274.9339114350938
,,,,,,,,,,,,,,,0.0024937255064498,0.2713553116837896,237.60049487464275,0.0024543396710798803,1.0,223.56497914848143
,,,,,,,,,,,,,,,0.0022913484397274,0.2493606311881239,235.0855255140003,0.002436552289192761,1.0,263.93240041556334
,,,,,,,,,,,,,,,0.0023919207308787,0.3310435033764234,301.9656843951214,0.002433482543421711,1.0,292.9805862466358
,,,,,,,,,,,,,,,0.0022199549921348,0.2939670069641388,261.83986162763784,0.002402078757302713,1.0,253.67700461194215
,,,,,,,,,,,,,,,0.0026854255324305,0.3210784069130455,292.2392898571677,0.002278113458588511,1.0,280.6745487191499
,,,,,,,,,,,,,,,0.0024728270957113,0.3195450727436649,294.9766355937688,0.0025465246246901456,1.0,273.95390399724783
,,,,,,,,,,,,,,,0.0022417335411267,0.3300533325097641,305.2559919075752,0.0024196961453584387,1.0,230.89996003478495
,,,,,,,,,,,,,,,0.0028207754691252,0.3315784449458883,302.4831471886784,0.0024942944776853437,1.0,272.65192584007474
,,,,,,,,,,,,,,,0.0022223856642739,0.3274815150040441,295.2157547548375,0.0023719622451281,1.0,262.8178271533964
,,,,,,,,,,,,,,,0.0024270274437382,0.3186026745641854,284.9709276526261,0.002424178297069679,1.0,273.6532550266868
,,,,,,,,,,,,,,,0.0019405536942396,0.2374090059434947,221.32675657868847,0.002380407502065864,1.0,268.8029817607826
,,,,,,,,,,,,,,,0.0023518126884502,0.3297923298456298,290.1272792076567,0.002385337630481578,1.0,232.8573213164312
,,,,,,,,,,,,,,,0.0024095989778372,0.3329178052796539,296.71961694770465,0.0023247067611885885,1.0,314.23743299691995
,,,,,,,,,,,,,,,0.0021784737784671,0.2809534268869406,267.4410624587299,0.0023576832300341555,1.0,269.9366198062152
,,,,,,,,,,,,,,,0.0022489762049281,0.317678957972138,289.3985866255286,0.0024637204100467986,1.0,232.05855465304217
,,,,,,,,,,,,,,,0.0022737123672913,0.3357156219184382,312.3029349235413,0.002404263538071547,1.0,253.63258868443546
,,,,,,,,,,,,,,,0.0023261910772984,0.3113283343819221,281.68906156074263,0.0023937061194592795,1.0,253.61574207949394
,,,,,,,,,,,,,,,0.0020821756503803,0.2979646294847203,281.9215355920839,0.0024392603060723965,1.0,294.31295738632815
,,,,,,,,,,,,,,,0.0027809953737166,0.2745802935301742,246.6661999443872,0.002405064644446805,1.0,293.5474783399721
,,,,,,,,,,,,,,,0.0021017948563982,0.2727895709082272,261.1069114012944,0.0025240145914443447,1.0,314.50538642238496
,,,,,,,,,,,,,,,0.0021889870759392,0.2806944809811597,264.76413836420244,0.002509654727113965,1.0,277.34371466846136
,,,,,,,,,,,,,,,0.0023350867720955,0.297610328928354,265.5864157658916,0.002434423007405779,1.0,282.66268717611666
,,,,,,,,,,,,,,,0.0026714955224105,0.3807052243562605,329.0984328476135,0.0024648479850938273,1.0,258.83931215959984
,,,,,,,,,,,,,,,0.0024977635051646,0.3167956380502894,295.8982752439974,0.0023831196239798864,1.0,263.28709162146646
,,,,,,,,,,,,,,,0.002141846414809,0.2703674385068514,250.192754553304,0.002407965427317533,1.0,230.7097294666164
,,,,,,,,,,,,,,,0.0024476697230582,0.327007196775229,288.784323504569,0.002427036305312972,1.0,249.67415372193196
,,,,,,,,,,,,,,,0.0026616320377295,0.2590346517095901,238.2588247785482,0.0025347003424567418,1.0,241.273988918225
,,,,,,,,,,,,,,,0.0027657405797667,0.3241449859680171,285.5433751791248,0.002429979263869048,1.0,246.02364930712346
,,,,,,,,,,,,,,,0.0025694999944811,0.3197739566589826,296.5842609935012,0.002515840428616244,1.0,208.8403883020717
,,,,,,,,,,,,,,,0.0023761951441707,0.3435839473841117,307.3402868922432,0.0024599523329165832,1.0,251.92622359984895
,,,,,,,,,,,,,,,0.0024697690025544,0.2854395316058169,261.591508525449,0.0023351565634470717,1.0,277.2374644797586
,,,,,,,,,,,,,,,0.0026018208051588,0.3200276294641949,280.4647559256732,0.00253100940494443,1.0,208.2276680010076
,,,,,,,,,,,,,,,0.0020138476767667,0.33324719253628,312.93750698786954,0.002483063885224771,1.0,229.6796020395654
,,,,,,,,,,,,,,,0.0026023062521644,0.2840035690122299,244.22771388267077,0.00243580774287699,1.0,263.6648978344554
,,,,,,,,,,,,,,,0.0024449705901062,0.3219325556462855,292.08182856443767,0.002480794163439044,1.0,256.354460683748
,,,,,,,,,,,,,,,0.0023342587215274,0.3082635290638834,276.060883556782,0.002363554680015391,1.0,289.0869028848993
,,,,,,,,,,,,,,,0.0024024791308626,0.3224215721998763,285.69529639955465,0.0025030167687342692,1.0,274.65145315287907
,,,,,,,,,,,,,,,0.0024702253732251,0.3067826977099363,266.1119149507951,0.0026158963463949417,1.0,220.04128407086154
,,,,,,,,,,,,,,,0.0021507154839503,0.2938262027641721,275.1151920064474,0.002474292457003711,1.0,231.9509006216828
,,,,,,,,,,,,,,,0.0027066234982383,0.3202637511156278,283.99765791152464,0.0023256822156532612,1.0,221.7680826103559
,,,,,,,,,,,,,,,0.0028890430183094,0.3191159581742308,276.5313811807572,0.0023799297353790934,1.0,249.65249772359002
,,,,,,,,,,,,,,,0.0023302618949252,0.3501627169736721,315.22155645655147,0.0025172346098742263,1.0,224.93332084243627
,,,,,,,,,,,,,,,0.0026073004197198,0.2789698655498565,261.12847663251773,0.002353200351809351,1.0,250.95386288331775
,,,,,,,,,,,,,,,0.0024203036405957,0.2637648945794979,248.79766345721535,0.0024221031474192843,1.0,254.2733921934373
,,,,,,,,,,,,,,,0.0025736225869968,0.3152989376391159,284.7548915689923,0.0024235576333360735,1.0,318.644828260713
,,,,,,,,,,,,,,,0.0021120320119203,0.3217462416018138,296.58670353823294,0.0022874526858243857,1.0,267.4329287409288
,,,,,,,,,,,,,,,0.0023790678270762,0.3924133221012638,352.37276473682164,0.002480603564287579,1.0,285.0459518659463
,,,,,,,,,,,,,,,0.0024919283855785,0.363006141717033,314.8488812359017,0.002484709651560314,1.0,296.4155048008363
,,,,,,,,,,,,,,,0.0027211105811984,0.3113294867412954,277.2263209173281,0.0024483221700559734,1.0,246.7321440751995
,,,,,,,,,,,,,,,0.0023540063852885,0.3073784560504305,281.4166810990734,0.0023807481434656224,1.0,246.40785779143047
,,,,,,,,,,,,,,,0.0028944037866021,0.3277405648218868,276.47615963942485,0.002585858245308929,1.0,297.44201553300474
,,,,,,,,,,,,,,,0.0023648120186715,0.3314701002116556,289.2241571287838,0.0024945823189661417,1.0,255.13155708955892
,,,,,,,,,,,,,,,0.002191489718301,0.2651025587397659,247.16918387519,0.00245781337015952,1.0,263.6597380153081
,,,,,,,,,,,,,,,0.0022142070431361,0.2954787400978759,276.76434080479214,0.0025053175058219264,1.0,277.13100603967047
,,,,,,,,,,,,,,,0.0025149997768711,0.2586005567888275,234.6251051960148,0.0024689717410129636,1.0,284.51950813935986
,,,,,,,,,,,,,,,0.0027467772830617,0.322298826362936,283.0451681749097,0.0024908719137649955,1.0,268.6202546823677
,,,,,,,,,,,,,,,0.002573599712893,0.2675110467267438,243.2117431673516,0.0024152620680686185,1.0,262.35988873578526
,,,,,,,,,,,,,,,0.0024531300601857,0.2543754675618481,222.4477953911405,0.0024521097673954454,1.0,245.2012535290154
,,,,,,,,,,,,,,,0.002789085173491,0.316820920696739,284.7841462590285,0.0024112307063675615,1.0,227.87574970369536
,,,,,,,,,,,,,,,0.0024637025382503,0.2519965671166461,225.9654735496997,0.0025123676858731796,1.0,206.2294509895934
,,,,,,,,,,,,,,,0.0025429148802275,0.3012756965867574,268.5149700551912,0.0024605910179676433,1.0,269.15071549707943
,,,,,,,,,,,,,,,0.0021325570961636,0.2726407000969323,263.27880285841866,0.0025021735723870222,1.0,258.60550031040657
,,,,,,,,,,,,,,,0.002082201802677,0.2934938599088515,266.02037810935417,0.002395979733039816,1.0,277.04475234689176
,,,,,,,,,,,,,,,0.0021256063594723,0.3009564926993011,277.0185500592654,0.002409242172906717,1.0,359.7772776429467
,,,,,,,,,,,,,,,0.0024524929154471,0.3344298970193448,303.3199250434956,0.0023002910321543927,1.0,294.2583874018693
,,,,,,,,,,,,,,,0.0028454594194193,0.3084563769089697,274.4470848998279,0.002360610238736751,1.0,212.64358345481347
,,,,,,,,,,,,,,,0.002427898659737,0.2866775685642867,249.35241509816635,0.002427945219973637,1.0,264.4481060401691
,,,,,,,,,,,,,,,0.0025561161501614,0.2630780717221298,236.5212899835922,0.0024912889661503185,1.0,255.4600541532085
,,,,,,,,,,,,,,,0.0021330044987365,0.2518822023710445,231.34389894823607,0.0023862689711899683,1.0,253.1475830731898
,,,,,,,,,,,,,,,0.0025758793677052,0.2855337636131185,265.7914035915264,0.0023579126441743586,1.0,222.99524179090778
,,,,,,,,,,,,,,,0.0025549373807862,0.2675805090305744,236.18527114548985,0.002381753788066003,1.0,244.95671366264241
,,,,,,,,,,,,,,,0.0024019668717348,0.2814036794545204,263.4741810744729,0.0025463138260092937,1.0,234.18369752629286
,,,,,,,,,,,,,,,0.0021738074083846,0.2908024371011319,270.45045067292915,0.002555582724615488,1.0,201.28439872987332
,,,,,,,,,,,,,,,0.0023129645361417,0.3278116120707089,313.4280072795817,0.0025016484795044092,1.0,267.9360036553324
,,,,,,,,,,,,,,,0.0023682999392443,0.2967522824748063,281.64349433511666,0.0024941174786639875,1.0,215.23112192905194
,,,,,,,,,,,,,,,0.0023872224435493,0.350417426329438,317.58795402784176,0.002585081138829392,1.0,326.5083325972116
,,,,,,,,,,,,,,,0.0025369535832343,0.3609682296146647,322.95122152918856,0.0024283637449224833,1.0,260.8340163743778
,,,,,,,,,,,,,,,0.0023629081106662,0.2600776499216624,233.47856980818256,0.0024556429990380607,1.0,242.61431908426806
,,,,,,,,,,,,,,,0.002945462060624,0.3452369031416492,302.353702118454,0.002368020285456432,1.0,248.85088590577044
,,,,,,,,,,,,,,,0.0023978229997244,0.3253824460933943,284.9908544593673,0.002356930740311501,1.0,223.4060926073982
,,,,,,,,,,,,,,,0.0022627558371918,0.2863767939005789,263.9406311308891,0.002422267359103716,1.0,269.17343464310477
,,,,,,,,,,,,,,,0.0024087231314263,0.3108940150568275,284.34459855939247,0.002518067375562006,1.0,276.5562515972485
,,,,,,,,,,,,,,,0.0023061878075452,0.3331616456125854,301.50487413079725,0.002490694395832741,1.0,285.12059508478524
,,,,,,,,,,,,,,,0.0028037237741971,0.35426261234802,315.8502058644649,0.0025730713550595015,1.0,227.0277818888286
,,,,,,,,,,,,,,,0.0021848682275575,0.2772993385854994,251.229132569546,0.0024418202474882035,1.0,224.9468961230278
,,,,,,,,,,,,,,,0.0021558964522441,0.3182280442005425,296.0578113106316,0.0025134549894890307,1.0,238.2292193538609
,,,,,,,,,,,,,,,0.0022889628856595,0.3259335776969795,287.845142683507,0.002343987031175999,1.0,269.5902542008251
,,,,,,,,,,,,,,,0.0024978424882004,0.2824304881996684,249.14165044050867,0.002528275876911475,1.0,267.31429641352315
,,,,,,,,,,,,,,,0.0027384415810059,0.2770735172397683,243.6189929460442,0.0024069406536181347,1.0,297.89500790431543
,,,,,,,,,,,,,,,0.0020998778633833,0.2239504576547592,215.90928163695776,0.002523447323890876,1.0,275.48999064494274
,,,,,,,,,,,,,,,0.0028192150298237,0.3181109561084379,279.9088452716322,0.0024749460562436074,1.0,229.1317123273338
,,,,,,,,,,,,,,,0.0025041932028555,0.2925168227047626,268.74989862246935,0.0024572556761768283,1.0,205.70948262822353
,,,,,,,,,,,,,,,0.0022309366498672,0.3373808117494714,303.63387729972493,0.0023886745425501154,1.0,326.72976134390814
,,,,,,,,,,,,,,,0.0025174708675362,0.3995345108935115,363.8603081222056,0.0023458503364496633,1.0,225.89974903401767
,,,,,,,,,,,,,,,0.0024957263835688,0.3283417777021037,301.6101917967493,0.0025110006703453923,1.0,291.46517670321595
,,,,,,,,,,,,,,,0.0026075608324814,0.3276387337241833,295.3544448731512,0.0024367881417480587,1.0,250.76817570797456
,,,,,,,,,,,,,,,0.0022470481351967,0.266905124974842,236.21078522791785,0.002329514324441505,1.0,275.43428826618486
,,,,,,,,,,,,,,,0.0024779736200062,0.2996681221436914,271.45968060895507,0.0024588024768388045,1.0,249.7003297047172
,,,,,,,,,,,,,,,0.0020356475261068,0.2574295841922794,237.90188719356465,0.002391380167852244,1.0,241.1615199776324
,,,,,,,,,,,,,,,0.0024282840924793,0.308806516832713,274.5221920391552,0.0025020830304776412,1.0,265.62795112065004
,,,,,,,,,,,,,,,0.0022991793551583,0.2573082338611402,234.16772636985448,0.0024820882056616075,1.0,241.97943926550744
,,,,,,,,,,,,,,,0.0022875812303026,0.3003623496670724,269.54442823208063,0.002465080570134447,1.0,229.15731688361163
,,,,,,,,,,,,,,,0.0022469088800205,0.2431360557336032,223.19355068941337,0.0024005009825365273,1.0,295.60989912908553
,,,,,,,,,,,,,,,0.0022770311311939,0.2386530764573107,225.5827579837837,0.002409715714426508,1.0,258.41653978806
,,,,,,,,,,,,,,,0.0021019469181386,0.2967926055585566,280.5718639681439,0.0024905972952333835,1.0,288.8425650592969
,,,,,,,,,,,,,,,0.0023635701321156,0.2737194109778129,252.04099598539892,0.002411813482058423,1.0,265.90346236125816
,,,,,,,,,,,,,,,0.0027585799845615,0.3657986256472422,349.08417048706895,0.0024642010455235247,1.0,265.4025658114693
,,,,,,,,,,,,,,,0.0022178654408708,0.2965426715371574,270.0658498712204,0.002309289438799415,1.0,249.47815186444626
,,,,,,,,,,,,,,,0.0023562426688465,0.2759387006102172,249.85239188761813,0.002547337437106177,1.0,258.6620622238941
,,,,,,,,,,,,,,,0.0026230411484845,0.283137505484472,256.41849698639163,0.002555910490276306,1.0,244.29814851846027
,,,,,,,,,,,,,,,0.0027364583898558,0.2811675567560325,248.27932209045085,0.0024341399998098106,1.0,244.33243984730817
,,,,,,,,,,,,,,,0.0021402414594399,0.2840233168777435,259.6488771857962,0.002475579361508596,1.0,262.3850903603096
,,,,,,,,,,,,,,,0.0025124232003472,0.3470719097595691,325.0154716320531,0.002586444414615257,1.0,276.438334809546
,,,,,,,,,,,,,,,0.0024299010475122,0.3254223321704885,296.6770261670568,0.0025039103543407415,1.0,276.23583730944193
,,,,,,,,,,,,,,,0.0023160838681497,0.2882131672219863,259.98420638997584,0.0024851175101055526,1.0,298.07452119169943
,,,,,,,,,,,,,,,0.0021784203527707,0.2497504943562412,235.16709320094705,0.0024096641219677048,1.0,280.461820651759
,,,,,,,,,,,,,,,0.0027569750346237,0.2409437622248744,223.4897177254383,0.002587243504291735,1.0,272.0534064357092
,,,,,,,,,,,,,,,0.0022188940637074,0.2781824000372025,258.2050095296676,0.0024529169159462558,1.0,299.7043480300838
,,,,,,,,,,,,,,,0.0022353324882401,0.3691794653264372,341.56785415409456,0.0024024514907719065,1.0,238.21571611305671
,,,,,,,,,,,,,,,0.0021724426520724,0.3079008260163154,282.2948080663156,0.0025366281491417237,1.0,232.63046072481458
,,,,,,,,,,,,,,,0.0024454404920867,0.2932379463313904,270.48839221597365,0.0023215136811571284,1.0,238.45323153767876
,,,,,,,,,,,,,,,0.0027932090697917,0.2966306113885912,271.74479016084103,0.002316674902514533,1.0,241.7626352342612
,,,,,,,,,,,,,,,0.0021472607141513,0.289048729094026,271.0255181857552,0.0023875853362355045,1.0,265.14027650086547
,,,,,,,,,,,,,,,0.0022977123555152,0.2616175314918204,235.0829456902087,0.0024662268399410167,1.0,262.67958345847467
,,,,,,,,,,,,,,,0.0022583146756736,0.3601517333624149,323.43459650060134,0.002541777474481591,1.0,233.69603025011816
,,,,,,,,,,,,,,,0.0021381889907738,0.2573464232530493,239.81577034325517,0.0024907378150757697,1.0,294.64000572385265
,,,,,,,,,,,,,,,0.0024822749426945,0.3304492644834712,304.83417915102723,0.0024542934203082996,1.0,279.224083561185
,,,,,,,,,,,,,,,0.0022320640569361,0.2858353517134893,259.35668384259924,0.0023550586449855213,1.0,294.2432206999862
,,,,,,,,,,,,,,,0.0024610580993519,0.3406129909965564,308.70287612313246,0.0025009203863029738,1.0,233.22150063083106
,,,,,,,,,,,,,,,0.0024143699509285,0.2679819561360659,250.611893857703,0.0024810413476618245,1.0,355.63660812152335
,,,,,,,,,,,,,,,0.0022151475427965,0.2759893116864774,261.041011370091,0.0024591452370284848,1.0,289.1985057635058
,,,,,,,,,,,,,,,0.0023248674755233,0.2789313364888343,265.34774438254567,0.0024274820700948313,1.0,226.79037987942579
,,,,,,,,,,,,,,,0.0024108657834093,0.3090960343597743,285.40327402046887,0.002523444618902654,1.0,297.35514039855946
,,,,,,,,,,,,,,,0.0024534767778265,0.263223418946508,236.58083087838787,0.0024981288221925945,1.0,289.4574417442328
,,,,,,,,,,,,,,,0.0026814817952615,0.336608441835503,299.5809625985614,0.002459660715948908,1.0,223.02614958597513
,,,,,,,,,,,,,,,0.0024327937215338,0.2843236606806263,260.86413740840214,0.0026142879501930643,1.0,298.8106197540485
,,,,,,,,,,,,,,,0.0021679942070139,0.3462343725976401,319.2741821406409,0.0024706829965257414,1.0,238.38581040955347
,,,,,,,,,,,,,,,0.0024379016821017,0.3168462715749523,290.6431261979543,0.002481587346529627,1.0,245.5312161982543
,,,,,,,,,,,,,,,0.002201510570734,0.2870467305937121,268.24849735945924,0.0024217379230928055,1.0,302.3664623339081
,,,,,,,,,,,,,,,0.0026358073082291,0.3034381264041486,271.3589007736933,0.0024422156866262265,1.0,297.8489877596106
,,,,,,,,,,,,,,,0.0024662441971828,0.2834091586488184,244.73724144062157,0.002413755709315216,1.0,251.3974556879901
,,,,,,,,,,,,,,,0.00236976234245,0.3240620738318676,299.90721861504693,0.0025130132099156315,1.0,247.11488424295695
,,,,,,,,,,,,,,,0.0024553766394308,0.2940410088074384,268.8131074813807,0.002481166058254556,1.0,239.48158417335975
,,,,,,,,,,,,,,,0.0021986445807956,0.2684445041257051,249.95562426828965,0.002448951328956702,1.0,242.4870905716104
,,,,,,,,,,,,,,,0.0024933219307047,0.3174308500020307,289.8903713770351,0.002385781148050112,1.0,301.6978585948012
,,,,,,,,,,,,,,,0.002341426781113,0.3125106855200809,285.1824166700486,0.0024541474328201914,1.0,271.337948553413
,,,,,,,,,,,,,,,0.0028216617071528,0.3579317463219982,302.34695702263593,0.0023643811163126674,1.0,250.07854328356788
,,,,,,,,,,,,,,,0.002180227928817,0.3108473958973024,307.90214713153887,0.002453711808874206,1.0,300.90274946965206
,,,,,,,,,,,,,,,0.0023863484883396,0.3407951776265518,314.2916916075714,0.002564633077971483,1.0,262.4033362705195
,,,,,,,,,,,,,,,0.0025369673841646,0.2906417703420141,269.88194136531365,0.0024868950164470514,1.0,256.6801600143333
,,,,,,,,,,,,,,,0.0022899090045782,0.3573939630682322,337.89621776768394,0.0024817198238486723,1.0,258.102136563758
,,,,,,,,,,,,,,,0.002344590594643,0.3207498886821808,300.51475951708034,0.002483166084164313,1.0,282.038134288262
,,,,,,,,,,,,,,,0.0027520557843175,0.2409310274602966,205.6181876775767,0.0024780263643926367,1.0,280.23651976673324
,,,,,,,,,,,,,,,0.0025166103674733,0.2820303692747055,260.6535144271926,0.0025228439387825104,1.0,286.0899684989115
,,,,,,,,,,,,,,,0.002894332650819,0.3409095837260688,290.06489998302106,0.002488235218660445,1.0,272.8019985528616
,,,,,,,,,,,,,,,0.0024682987540053,0.2569363555241726,237.68671066535964,0.0024459693035712854,1.0,224.02838798203464
,,,,,,,,,,,,,,,0.0023500896296459,0.3152306240446149,285.1053489228346,0.0024361147488976293,1.0,334.30708633029525
,,,,,,,,,,,,,,,0.0022500613092674,0.3029316097128954,284.23718111605416,0.0024412199255471312,1.0,293.8383897871872
,,,,,,,,,,,,,,,0.0024257688554967,0.2976862323878674,267.2343010059057,0.0023468087621485076,1.0,240.98493755075003
,,,,,,,,,,,,,,,0.0022666362039319,0.3027555548139157,284.1417199876661,0.002412040414628574,1.0,255.93344479491066
,,,,,,,,,,,,,,,0.0024781869077069,0.3387087932377294,324.28392122861646,0.002539783195489635,1.0,270.4652811729117
,,,,,,,,,,,,,,,0.0026720390015312,0.336636196860662,300.13410552343845,0.002303540119787772,1.0,232.26641505375457
,,,,,,,,,,,,,,,0.0021050606963009,0.2600255582131792,244.35429093553455,0.0024380004358406015,1.0,245.591674856216
,,,,,,,,,,,,,,,0.0027317034940022,0.4318174602722892,374.8415247368049,0.0024684382688488554,1.0,251.2831786221855
,,,,,,,,,,,,,,,0.002257775991089,0.3518873422760773,317.2945943793088,0.0023594413017349325,1.0,257.35214123361783
,,,,,,,,,,,,,,,0.0021209942214445,0.2645174458964496,235.55221605632144,0.002353018515354758,1.0,322.96555735087196
,,,,,,,,,,,,,,,0.0023578988918628,0.34686452964323,310.6783624617166,0.002544864118403517,1.0,231.7034854077789
,,,,,,,,,,,,,,,0.0024376932465669,0.3062840118034962,279.2387340323108,0.002367372812254234,1.0,287.5005538946301
,,,,,,,,,,,,,,,0.0026087999564226,0.3009105020898386,273.1389016595863,0.0024589756105735726,1.0,287.4621090986453
,,,,,,,,,,,,,,,0.0023583284504201,0.3209571737634263,296.26110142909744,0.002479628796148173,1.0,232.13485814771914
,,,,,,,,,,,,,,,0.0025595291605673,0.3016981899862199,268.35055869560153,0.002496074144032588,1.0,287.13152116130635
,,,,,,,,,,,,,,,0.0022654259559638,0.2612800570910897,240.1323454047362,0.002433519752230133,1.0,261.5364613135986
,,,,,,,,,,,,,,,0.0025676334879193,0.3275526794644205,302.54683231806666,0.0023903978981980037,1.0,210.9646617460976
,,,,,,,,,,,,,,,0.0023041579019173,0.3534402055287494,321.19444446759275,0.0024687342928781052,1.0,273.9574313429855
,,,,,,,,,,,,,,,0.0025325266894457,0.3352993773171113,299.45521321439514,0.0024835164876135045,1.0,307.41089472263667
,,,,,,,,,,,,,,,0.0024727532310368,0.295423927054612,264.17440361830944,0.0022985413498112406,1.0,221.01498147116334
,,,,,,,,,,,,,,,0.0023081293731037,0.288741965834553,265.5821396063777,0.002437427415585786,1.0,318.71796632020033
,,,,,,,,,,,,,,,0.0020747615875217,0.2694630288358886,259.3051158159976,0.0023904440520149868,1.0,249.96261906307083
,,,,,,,,,,,,,,,0.0024201491037086,0.2761235787645034,244.8372295188449,0.0024321690075046307,1.0,262.9255582029672
,,,,,,,,,,,,,,,0.0022161500136828,0.3473112344502642,322.99505101649737,0.002425038799110857,1.0,227.58395047513352
,,,,,,,,,,,,,,,0.0024231507949321,0.300518833095739,281.6424649732445,0.002450434825259522,1.0,232.22948751630514
,,,,,,,,,,,,,,,0.0023596887862966,0.2869345417945075,267.64764897873454,0.002396200279519058,1.0,242.52585336925125
,,,,,,,,,,,,,,,0.0024249728460504,0.3217009280699935,309.754742144378,0.002511848368474901,1.0,254.7568510480129
,,,,,,,,,,,,,,,0.0022936925277728,0.2903043771982105,274.9713361916123,0.0027185434853269617,1.0,287.5436005376683
,,,,,,,,,,,,,,,0.0023245126157749,0.2904364145751134,271.8971702433075,0.002511949380640078,1.0,243.46282184410137
,,,,,,,,,,,,,,,0.0025850795817339,0.3117805695109962,272.5222486952975,0.0025128670794742902,1.0,295.9450852030162
,,,,,,,,,,,,,,,0.0024606518804526,0.3362547747954358,312.96418260258736,0.0024254495137428144,1.0,313.59293518596
,,,,,,,,,,,,,,,0.0020109269337292,0.2733679856135604,257.78901757468606,0.002527430475256812,1.0,311.1746917798796
,,,,,,,,,,,,,,,0.0028040331733086,0.3708982617852092,320.8312068342025,0.0025047221739622045,1.0,273.9527028936323
,,,,,,,,,,,,,,,0.0023797222937199,0.3303701487592387,302.9887212464208,0.0024435337044618716,1.0,293.70710024415484
,,,,,,,,,,,,,,,0.002003573767167,0.3006530707759257,285.74305096139284,0.002340557942135153,1.0,264.6277955130896
,,,,,,,,,,,,,,,0.0023376010406031,0.2653296623687488,240.8988676293941,0.0024163891580121,1.0,264.22779041831024
,,,,,,,,,,,,,,,0.0023955587459823,0.361642187558409,330.93061668320365,0.002413106023672296,1.0,304.92367805878496
,,,,,,,,,,,,,,,0.0027023331596407,0.3565150312456925,311.62540304795067,0.002559045743138595,1.0,217.65575853737442
,,,,,,,,,,,,,,,0.002290889860201,0.2751580677799192,252.3055454483884,0.0025039541398852957,1.0,266.49973550371226
,,,,,,,,,,,,,,,0.0024570825800941,0.2955676226186486,266.57809811016205,0.0024472864026478373,1.0,221.33310571187914
,,,,,,,,,,,,,,,0.0023915147280683,0.3102732929846815,273.4128786205968,0.002568643848205246,1.0,290.3981123362026
,,,,,,,,,,,,,,,0.0025045114907212,0.281768726907148,254.55489915592196,0.002474518359432805,1.0,297.0064292541789
,,,,,,,,,,,,,,,0.0022023657659703,0.2768479962068317,257.8148428587588,0.0025019741684300214,1.0,268.98325799970127
,,,,,,,,,,,,,,,0.0023760054360702,0.287598563107841,265.72307725495614,0.002390419440191172,1.0,240.43958483966722
,,,,,,,,,,,,,,,0.0026559080548713,0.303334186720863,265.9660135060172,0.0024162682901981347,1.0,279.699338180158
,,,,,,,,,,,,,,,0.0023615874526533,0.3630834491290858,333.7487083059654,0.0023497436896415275,1.0,256.07616078927134
,,,,,,,,,,,,,,,0.0027037735683685,0.2825211219294984,251.58969341676467,0.0025160407103826284,1.0,288.05410719067874
,,,,,,,,,,,,,,,0.0023618095538232,0.3220256783157676,299.5234612556165,0.002444491164797985,1.0,327.8283756750051
,,,,,,,,,,,,,,,0.0023372131766251,0.3542857090445055,320.4477774550812,0.00242130669507867,1.0,269.4566425926971
,,,,,,,,,,,,,,,0.002464389540215,0.2918591473310221,262.03287162297687,0.002543410303369774,1.0,281.9102078287756
,,,,,,,,,,,,,,,0.0020871834011152,0.2810272940515048,258.7428595880961,0.0024346839094082527,1.0,334.3357521863143
,,,,,,,,,,,,,,,0.0025448991504641,0.3595941914165183,328.7517730428901,0.0024271156000933445,1.0,210.32387254322597
,,,,,,,,,,,,,,,0.0020492145581498,0.2303188003629793,218.66892950480263,0.002573550431391488,1.0,268.6606420403859
,,,,,,,,,,,,,,,0.0023875199170133,0.2652184088320986,245.44389430185305,0.0023442942742362295,1.0,200.22058780674467
,,,,,,,,,,,,,,,0.0019961397038095,0.3539354196641553,322.1110274127741,0.002555105774213971,1.0,261.8440663033818
,,,,,,,,,,,,,,,0.0024332078554835,0.3080160672386037,282.2897416559231,0.0024697542458877314,1.0,203.67252273105214
,,,,,,,,,,,,,,,0.002354567183361,0.2886125820189091,266.8894836249274,0.0023497224176129614,1.0,234.33473632696717
,,,,,,,,,,,,,,,0.0026141455034597,0.3761728081306449,326.75568900069845,0.002482521766931177,1.0,272.2806101825561
,,,,,,,,,,,,,,,0.0021661966018613,0.2848443410519031,258.18881165909653,0.0025453051768442874,1.0,268.884715902311
,,,,,,,,,,,,,,,0.0024900500567083,0.3110484453186125,286.0578076604403,0.0024934810098531067,1.0,242.05164908906352
,,,,,,,,,,,,,,,0.0022441758418811,0.2478361954893429,231.6590902964919,0.0024843856981660185,1.0,279.9498078899137
,,,,,,,,,,,,,,,0.0024990354371133,0.2697691415408433,247.40474120683928,0.002429436982482634,1.0,262.3452762805205
,,,,,,,,,,,,,,,0.0024907751083625,0.2813248144303119,250.17137529749985,0.0023531203904620496,1.0,241.89392221627475
,,,,,,,,,,,,,,,0.0024168076791314,0.2784708869232837,260.0230140958163,0.0024168215259790017,1.0,232.301058436099
,,,,,,,,,,,,,,,0.0023891821087605,0.3339446785761336,303.1533409823463,0.0024983384408257944,1.0,241.00799810812708
,,,,,,,,,,,,,,,0.0023995851699494,0.2857562970614936,262.16177129429167,0.0023539585960371356,1.0,211.63709465848927
,,,,,,,,,,,,,,,0.0021473923018459,0.3464101468050433,325.5212870329441,0.002314184680208374,1.0,279.2297706773558
,,,,,,,,,,,,,,,0.0029034831379327,0.370925466629192,327.36674901375443,0.0024416736652633345,1.0,214.63558946257882
,,,,,,,,,,,,,,,0.0021216393759714,0.3440982873589912,319.4110496685427,0.002401377369680014,1.0,244.0148023503759
,,,,,,,,,,,,,,,0.0024161383204671,0.3175146177745805,290.9786299794208,0.002523338941900049,1.0,284.8785372856599
,,,,,,,,,,,,,,,0.00248211862513,0.3624324024587014,331.713092517214,0.002446838194151108,1.0,266.06365673033065
,,,,,,,,,,,,,,,0.0025079589216,0.3289985270096139,297.33496056758145,0.0023437021861664803,1.0,211.83037508003144
,,,,,,,,,,,,,,,0.0029463806835979,0.2869724988003163,246.13237031258743,0.002411068644049381,1.0,287.9668737952814
,,,,,,,,,,,,,,,0.0030750281837089,0.4059642681163374,357.4470035139217,0.0025205768275355016,1.0,275.77271926324636
,,,,,,,,,,,,,,,0.0023217354297179,0.2872163250450926,262.3197478475225,0.002370127248638078,1.0,257.9047740354612
,,,,,,,,,,,,,,,0.0029771473859504,0.3261616903078476,264.63821809069435,0.002541827278459614,1.0,265.4902260849936
,,,,,,,,,,,,,,,0.0021939089113563,0.2577796681390324,236.52104042430213,0.002569391538154334,1.0,245.04573313625872
,,,,,,,,,,,,,,,0.0024256915575268,0.2748340932828571,245.78370967126,0.0024667249088558526,1.0,225.01857499461997
,,,,,,,,,,,,,,,0.0025446956619556,0.3744113361102013,325.3270463784641,0.002358808640900887,1.0,256.3471212468823
,,,,,,,,,,,,,,,0.0020740720422119,0.3361656450495051,309.18700128734315,0.00246234794019239,1.0,265.61517043119994
,,,,,,,,,,,,,,,0.0022061722255553,0.2989036411120199,277.8005106972314,0.0025650073908155186,1.0,248.25580440941593
,,,,,,,,,,,,,,,0.0020897466640885,0.274459451149693,255.1909652926535,0.0025357731610269486,1.0,314.36448153267537
,,,,,,,,,,,,,,,0.0024177930716063,0.3145409451443786,275.82630425009467,0.002445966545563722,1.0,276.2443021703887
,,,,,,,,,,,,,,,0.0021593950108038,0.3063311557024515,285.4023534742706,0.002445868089043899,1.0,251.62902712460803
,,,,,,,,,,,,,,,0.002532012172502,0.3522166641504149,323.6033369667315,0.002381355707136243,1.0,282.6926409626087
,,,,,,,,,,,,,,,0.0025186749021797,0.3573881565699864,331.5525867903512,0.002502620895151771,1.0,280.14008761088377
,,,,,,,,,,,,,,,0.0022760591055047,0.3053290865019007,272.26624874621217,0.002421148539893971,1.0,291.04108878441417
,,,,,,,,,,,,,,,0.0026161700244127,0.3223435676988556,300.50852605421693,0.002383165471977104,1.0,247.14707065361435
,,,,,,,,,,,,,,,0.0025638788567262,0.3814164520347164,341.5628094943711,0.0023718642145581,1.0,296.38574633138154
,,,,,,,,,,,,,,,0.0025368801125984,0.3083101292122276,279.71239716764023,0.0024560656816115943,1.0,293.3399501813862
,,,,,,,,,,,,,,,0.0023379750686323,0.2681756936330282,240.3411615692884,0.0023764882150482235,1.0,305.8022224934775
,,,,,,,,,,,,,,,0.0023952155520643,0.2840637915144383,259.9407410729823,0.002599001849807719,1.0,279.0277089475043
,,,,,,,,,,,,,,,0.0023676870349958,0.2450186038363283,225.43735072487817,0.002528727033840496,1.0,248.89742129499845
,,,,,,,,,,,,,,,0.0023690172239086,0.2991775945403728,278.1789289800884,0.0024200050573269646,1.0,238.05698040123562
,,,,,,,,,,,,,,,0.0022357207420202,0.2304686251143692,215.55883844747245,0.002505907177619867,1.0,323.0788698396129
,,,,,,,,,,,,,,,0.0025076142636331,0.2766957114978063,245.20437241940243,0.002423673166420161,1.0,261.3455089005319
,,,,,,,,,,,,,,,0.0022825140462178,0.3084459588709654,279.90631260524526,0.002397246623898363,1.0,290.76893664462506
,,,,,,,,,,,,,,,0.0025461671258379,0.3214152032297352,289.0192788040235,0.002576753548993157,1.0,242.8843904511111
,,,,,,,,,,,,,,,0.0024458692620871,0.2958361641403872,261.14902355261563,0.002332944504966508,1.0,274.2611817552939
,,,,,,,,,,,,,,,0.0023023503478467,0.3083969781844942,278.9350959569471,0.002447426557029039,1.0,248.38102060992185
,,,,,,,,,,,,,,,0.0024081389996926,0.3042386864323896,284.8581422854323,0.002458081484313413,1.0,304.7297376324471
,,,,,,,,,,,,,,,0.0028309199340135,0.2703539675648065,255.28158994756987,0.0024619984092310236,1.0,263.3865515014013
,,,,,,,,,,,,,,,0.0024560456148912,0.3088923305046851,285.76175819394314,0.0025805740149642668,1.0,301.0586571501145
,,,,,,,,,,,,,,,0.002214284640199,0.2184326492569986,202.9648139199596,0.002443985735664761,1.0,266.6828779412542
,,,,,,,,,,,,,,,0.0022819648219454,0.3091179901091642,279.19268541430773,0.002413975101858573,1.0,225.38692406797222
,,,,,,,,,,,,,,,0.002253081920299,0.3065203214910763,280.7492062041765,0.0024829272048102853,1.0,271.67361972230674
,,,,,,,,,,,,,,,0.0027705314724216,0.2695375969284477,242.42058800872653,0.002464764196481668,1.0,259.5546026242997
,,,,,,,,,,,,,,,0.002221785439832,0.2455147373894085,234.72993173986887,0.00245863101291024,1.0,239.91156653177939
,,,,,,,,,,,,,,,0.002287916010094,0.3139719486776915,278.53716020914493,0.0025457395092209024,1.0,274.67765370424286
,,,,,,,,,,,,,,,0.0021716567525593,0.3111719561052567,289.8228999160979,0.00245219509688859,1.0,261.74670695933435
,,,,,,,,,,,,,,,0.0023573018356341,0.2571112880663833,235.1648641352152,0.0024867514463839126,1.0,243.35582985976214
,,,,,,,,,,,,,,,0.0030552699423908,0.2768066188016455,241.91994399990625,0.002478202114700577,1.0,240.08055363681947
,,,,,,,,,,,,,,,0.0029514176026393,0.359493325235356,311.19948373905487,0.0023116118186972943,1.0,248.160152010211
,,,,,,,,,,,,,,,0.0022294653984884,0.3197134471929335,291.765427127671,0.002521776346354597,1.0,299.0328014340078
,,,,,,,,,,,,,,,0.0023034977289363,0.2984413443253572,273.7263783403373,0.002418226607365523,1.0,254.48962911913463
,,,,,,,,,,,,,,,0.0024512790510139,0.3101790940744062,273.7346857595916,0.0025343460203906113,1.0,257.60759511458315
,,,,,,,,,,,,,,,0.0022550539304315,0.2869612018792939,264.36589417908465,0.0024394873749085323,1.0,253.94084777416566
,,,,,,,,,,,,,,,0.0022619004029066,0.2599388521766456,238.3726190829616,0.002346871682414148,1.0,234.64476237542883
,,,,,,,,,,,,,,,0.0025763603371124,0.2836632147226087,253.5713399304117,0.0024807826130551027,1.0,214.71028487135285
,,,,,,,,,,,,,,,0.0025271919225609,0.3131809293680473,284.16609448646614,0.0024736372396083647,1.0,290.9408477681034
,,,,,,,,,,,,,,,0.00252254744737,0.2913136911857865,262.05947541089995,0.0025071260257973453,1.0,279.350931067788
,,,,,,,,,,,,,,,0.0023891813165671,0.3748129486684912,344.3319242681128,0.002468344744940238,1.0,274.0063485205831
,,,,,,,,,,,,,,,0.0022940659074297,0.3489669726749111,316.5687730500299,0.002376847024414216,1.0,224.1588241565725
,,,,,,,,,,,,,,,0.0023804510391637,0.3075263860835194,277.58414858692106,0.002411118742943733,1.0,256.83370817653974
,,,,,,,,,,,,,,,0.0024523682170515,0.3323424397083868,301.55797693292993,0.0024800726525389654,1.0,272.55524487277523
,,,,,,,,,,,,,,,0.0023256156885676,0.3068415975517148,269.1446958524997,0.0024486952469426906,1.0,264.4550362089712
,,,,,,,,,,,,,,,0.0020962117901354,0.3229615676337563,301.4061111808783,0.0024134676287985712,1.0,271.6805822831796
,,,,,,,,,,,,,,,0.0027226455203931,0.3175287221123212,279.2538125727738,0.0025787553540515974,1.0,260.5888646887961
,,,,,,,,,,,,,,,0.0028191189928436,0.3178785228312581,273.5069798063832,0.002487766991551725,1.0,233.99627606329548
,,,,,,,,,,,,,,,0.0025379418995033,0.371270787808347,342.63952846672345,0.0024749113845995495,1.0,255.31583360079395
,,,,,,,,,,,,,,,0.0023026487801777,0.3082340225971838,286.3881927445499,0.0023744595234020498,1.0,242.02416939222877
,,,,,,,,,,,,,,,0.002604318867982,0.4131619465341211,360.9138482800904,0.0023723982099550173,1.0,259.9259492961127
,,,,,,,,,,,,,,,0.002434640678234,0.297215925445295,278.1574834871176,0.0024528024496936604,1.0,287.91845521655233
,,,,,,,,,,,,,,,0.0021429665105843,0.2763513017247175,265.9805612216234,0.0024478142426324046,1.0,280.3563849904623
,,,,,,,,,,,,,,,0.0025700993737599,0.2693956377747614,247.1155580453764,0.002478589495428791,1.0,271.50545289576996
,,,,,,,,,,,,,,,0.0030186478817545,0.4123879328888692,356.33620187861953,0.002392227463926441,1.0,278.4660915496412
,,,,,,,,,,,,,,,0.0029966292987192,0.3239950256107539,285.5104646931396,0.0025548366789748915,1.0,290.85112835602484
,,,,,,,,,,,,,,,0.0022157760455395,0.3377442928848976,315.71715455477806,0.0024424574553688887,1.0,261.58755931907973
,,,,,,,,,,,,,,,0.0021555475241514,0.280299563651801,256.5029114964027,0.0024629728812879054,1.0,251.38026466449628
,,,,,,,,,,,,,,,0.0023399855411687,0.3209051769756742,299.06564291195144,0.002397245410469504,1.0,269.28152380694297
,,,,,,,,,,,,,,,0.0025958346550262,0.2948987034343766,265.2823544315142,0.00239361782146884,1.0,298.7136480471593
,,,,,,,,,,,,,,,0.0022202179828892,0.295217808031753,278.022256965241,0.002478396727445644,1.0,234.96140096816794
,,,,,,,,,,,,,,,0.0025143140222161,0.3138544517712207,289.41393673116755,0.0025308670328737224,1.0,231.66963627852684
,,,,,,,,,,,,,,,0.0027293536498528,0.3734523264584801,320.61882896063634,0.0025077315097942815,1.0,276.02306844057404
,,,,,,,,,,,,,,,0.0022519539595719,0.3252580343444224,291.15489217064294,0.002467741688889734,1.0,249.5741950609532
,,,,,,,,,,,,,,,0.0021511605171802,0.2654328946067131,246.23433436356265,0.0024004765713732394,1.0,236.19751761380192
,,,,,,,,,,,,,,,0.0023599314986918,0.3247576362967572,300.8742169301989,0.002525311421533197,1.0,259.9383570989763
,,,,,,,,,,,,,,,0.0025142746516474,0.30568344368449,276.2650010607494,0.002461546708699336,1.0,336.8702344961114
,,,,,,,,,,,,,,,0.002606559147989,0.2901024881703516,258.3143562900912,0.002555710721524311,1.0,313.7331211447769
,,,,,,,,,,,,,,,0.0027179620573881,0.2648958893009747,235.74590472048135,0.002497813964132359,1.0,287.4487881067723
,,,,,,,,,,,,,,,0.0020866429017167,0.3485697319656554,332.1138101778627,0.0024772296030678522,1.0,241.0801389454884
,,,,,,,,,,,,,,,0.0024477480570378,0.2673743061854228,242.86693993691796,0.0024661742270110547,1.0,259.4347058381791
,,,,,,,,,,,,,,,0.002562005044847,0.3153251529761843,281.318175333139,0.0023711521798715903,1.0,238.126190254611
,,,,,,,,,,,,,,,0.0023050099842624,0.2803859678662381,257.36219866057326,0.0024727532881550817,1.0,241.7459988984769
,,,,,,,,,,,,,,,0.0024931571917218,0.2881572801189294,272.1245258443891,0.002419482832400483,1.0,216.25821782527117
,,,,,,,,,,,,,,,0.0023482224322164,0.3274501740466765,295.76768961773746,0.0024602514072422556,1.0,293.2435228351477
,,,,,,,,,,,,,,,0.0021671774775541,0.3107186383705018,284.4670077870284,,,
,,,,,,,,,,,,,,,0.002441243470223,0.2896340043276643,268.86751432868937,,,
,,,,,,,,,,,,,,,0.0022888903240473,0.2851830106446095,262.0334343321793,,,
,,,,,,,,,,,,,,,0.0024947863635789,0.3207554469630594,282.1421324492164,,,
,,,,,,,,,,,,,,,0.0025349023471902,0.2753966079518981,250.31371088981317,,,
,,,,,,,,,,,,,,,0.002490863747046,0.2560939544368908,228.55846929493487,,,
,,,,,,,,,,,,,,,0.0028500984190998,0.329833253888466,297.827108574536,,,
,,,,,,,,,,,,,,,0.0029941934807854,0.3174898168733964,291.5970536397738,,,
,,,,,,,,,,,,,,,0.0024725389419267,0.311747411136655,277.4491053465716,,,
,,,,,,,,,,,,,,,0.0022262622511974,0.2740218463344979,256.0104145786903,,,
,,,,,,,,,,,,,,,0.002537815696668,0.2787326521506902,265.79393889426,,,
,,,,,,,,,,,,,,,0.0024775992627574,0.3328420084456604,294.1263018702588,,,
,,,,,,,,,,,,,,,0.0023768612655577,0.3031321077491565,266.3109428465084,,,
,,,,,,,,,,,,,,,0.0027727781138089,0.3485495054941779,301.46130778995933,,,
,,,,,,,,,,,,,,,0.0024546111491385,0.2945897837550058,266.00405570229606,,,
,,,,,,,,,,,,,,,0.0023805157288846,0.2668130767657561,249.51872300498272,,,
,,,,,,,,,,,,,,,0.0021298605876592,0.2957747873536946,271.96903096002166,,,
,,,,,,,,,,,,,,,0.002471787444902,0.2662364589502474,240.90304964413988,,,
,,,,,,,,,,,,,,,0.0019400055070167,0.287563640235292,290.84258162100804,,,
,,,,,,,,,,,,,,,0.0027331807099798,0.3142291727400472,280.48509834577374,,,
,,,,,,,,,,,,,,,0.0022117235965687,0.3328799167778363,307.0570423510112,,,
,,,,,,,,,,,,,,,0.0022702449553143,0.3036269635023447,278.72602893546104,,,
,,,,,,,,,,,,,,,0.0023785604371984,0.3236937131494336,293.1391597440877,,,
,,,,,,,,,,,,,,,0.0024169928516716,0.3555293738754912,323.14904282264814,,,
,,,,,,,,,,,,,,,0.0022885308084938,0.31427837123318,293.0994792514508,,,
,,,,,,,,,,,,,,,0.0023838868202764,0.2746220127523815,241.3153733732531,,,
,,,,,,,,,,,,,,,0.0024486318866727,0.3331829493134593,302.42511841140424,,,
,,,,,,,,,,,,,,,0.0023341297111188,0.3310960445951756,305.64474659775044,,,
,,,,,,,,,,,,,,,0.0026164663000541,0.3200810726804399,279.3316443064214,,,
,,,,,,,,,,,,,,,0.0021353427445993,0.2637827084407448,248.18854147428723,,,
,,,,,,,,,,,,,,,0.002296203880486,0.2771551047596688,251.07970930662492,,,
,,,,,,,,,,,,,,,0.0027474634419465,0.3367663683651926,306.8323596650381,,,
,,,,,,,,,,,,,,,0.0026125046162009,0.2882957587143105,256.240915145234,,,
,,,,,,,,,,,,,,,0.0023580905932038,0.2677889600211115,243.3841801019876,,,
,,,,,,,,,,,,,,,0.00229776520461,0.2988293128858217,271.0545453642659,,,
,,,,,,,,,,,,,,,0.0024293720146924,0.3745136380663076,346.0246691992772,,,
,,,,,,,,,,,,,,,0.0026399380837562,0.3863107528923463,356.71694299079206,,,
,,,,,,,,,,,,,,,0.0024350214583113,0.3304662789796539,297.3362801086612,,,
,,,,,,,,,,,,,,,0.0027020947698896,0.3152651777754903,282.5612485055911,,,
,,,,,,,,,,,,,,,0.0026898862654821,0.2912668971137621,262.8318182776653,,,
,,,,,,,,,,,,,,,0.0025381792301384,0.3007666103856203,270.11655934604335,,,
,,,,,,,,,,,,,,,0.0024592349945855,0.2924750676640136,256.38981440318594,,,
,,,,,,,,,,,,,,,0.002593211529617,0.2590948790744749,236.4812674807436,,,
,,,,,,,,,,,,,,,0.0026746090417241,0.2755127821999298,248.0776113283807,,,
,,,,,,,,,,,,,,,0.0026242222853809,0.3413298806162813,308.29784660959524,,,
